target_id,start,end,role,reason
PASSION24.HOUR.01.P014,92,94,OUTER_DIVINE_OPEN_WRAPPER_HIDE,OUTER_DIVINE_DIRECT_ATTRIBUTION
PASSION24.HOUR.01.P014,117,119,OUTER_DIVINE_CLOSE_WRAPPER_HIDE,OUTER_DIVINE_DIRECT_ATTRIBUTION
PASSION24.HOUR.02.P009,0,2,OUTER_DIVINE_OPEN_WRAPPER_HIDE,OUTER_DIVINE_TARGET_START
PASSION24.HOUR.02.P009,92,94,OUTER_DIVINE_CLOSE_WRAPPER_HIDE,OUTER_DIVINE_TARGET_START
PASSION24.HOUR.02.P012,262,264,OUTER_DIVINE_OPEN_WRAPPER_HIDE,OUTER_DIVINE_DIRECT_ATTRIBUTION
PASSION24.HOUR.02.P012,389,391,OUTER_DIVINE_CLOSE_WRAPPER_HIDE,OUTER_DIVINE_DIRECT_ATTRIBUTION
PASSION24.HOUR.02.P014,0,2,OUTER_DIVINE_OPEN_WRAPPER_HIDE,OUTER_DIVINE_TARGET_START
PASSION24.HOUR.02.P014,201,203,OUTER_DIVINE_CLOSE_WRAPPER_HIDE,OUTER_DIVINE_TARGET_START
PASSION24.HOUR.02.P015,13,15,OUTER_DIVINE_OPEN_WRAPPER_HIDE,OUTER_DIVINE_DIRECT_ATTRIBUTION
PASSION24.HOUR.02.P015,145,147,OUTER_DIVINE_CLOSE_WRAPPER_HIDE,OUTER_DIVINE_DIRECT_ATTRIBUTION
PASSION24.HOUR.03.P003,0,2,OUTER_DIVINE_OPEN_WRAPPER_HIDE,OUTER_DIVINE_TARGET_START
PASSION24.HOUR.03.P003,101,103,OUTER_DIVINE_CLOSE_WRAPPER_HIDE,OUTER_DIVINE_TARGET_START
PASSION24.HOUR.04.P005,0,2,OUTER_DIVINE_OPEN_WRAPPER_HIDE,OUTER_DIVINE_TARGET_START
PASSION24.HOUR.04.P010,141,143,OUTER_DIVINE_CLOSE_WRAPPER_HIDE,OUTER_DIVINE_TARGET_START
PASSION24.HOUR.04.P020,0,2,OUTER_DIVINE_OPEN_WRAPPER_HIDE,OUTER_DIVINE_TARGET_START
PASSION24.HOUR.04.P021,189,191,OUTER_DIVINE_CLOSE_WRAPPER_HIDE,OUTER_DIVINE_TARGET_START
PASSION24.HOUR.04.P029,0,2,OUTER_DIVINE_OPEN_WRAPPER_HIDE,OUTER_DIVINE_TARGET_START
PASSION24.HOUR.04.P034,111,113,OUTER_DIVINE_CLOSE_WRAPPER_HIDE,OUTER_DIVINE_TARGET_START
PASSION24.HOUR.04.P062,19,21,OUTER_DIVINE_OPEN_WRAPPER_HIDE,OUTER_DIVINE_DIRECT_ATTRIBUTION
PASSION24.HOUR.04.P065,91,93,OUTER_DIVINE_CLOSE_WRAPPER_HIDE,OUTER_DIVINE_DIRECT_ATTRIBUTION
PASSION24.HOUR.05.P009,58,60,OUTER_DIVINE_OPEN_WRAPPER_HIDE,OUTER_DIVINE_DIRECT_ATTRIBUTION
PASSION24.HOUR.05.P012,131,133,OUTER_DIVINE_CLOSE_WRAPPER_HIDE,OUTER_DIVINE_DIRECT_ATTRIBUTION
PASSION24.HOUR.05.P025,0,2,OUTER_DIVINE_OPEN_WRAPPER_HIDE,OUTER_DIVINE_TARGET_START
PASSION24.HOUR.05.P028,481,483,OUTER_DIVINE_CLOSE_WRAPPER_HIDE,OUTER_DIVINE_TARGET_START
PASSION24.HOUR.05.REF.P005,0,2,OUTER_DIVINE_OPEN_WRAPPER_HIDE,OUTER_DIVINE_TARGET_START
PASSION24.HOUR.05.REF.P005,140,142,OUTER_DIVINE_CLOSE_WRAPPER_HIDE,OUTER_DIVINE_TARGET_START
PASSION24.HOUR.06.P012,0,2,OUTER_DIVINE_OPEN_WRAPPER_HIDE,OUTER_DIVINE_TARGET_START
PASSION24.HOUR.06.P012,104,106,OUTER_DIVINE_CLOSE_WRAPPER_HIDE,OUTER_DIVINE_TARGET_START
PASSION24.HOUR.06.P014,0,2,OUTER_DIVINE_OPEN_WRAPPER_HIDE,OUTER_DIVINE_TARGET_START
PASSION24.HOUR.06.P014,140,142,OUTER_DIVINE_CLOSE_WRAPPER_HIDE,OUTER_DIVINE_TARGET_START
PASSION24.HOUR.07.P007,0,2,OUTER_DIVINE_OPEN_WRAPPER_HIDE,OUTER_DIVINE_TARGET_START
PASSION24.HOUR.07.P007,163,165,OUTER_DIVINE_CLOSE_WRAPPER_HIDE,OUTER_DIVINE_TARGET_START
PASSION24.HOUR.07.P013,0,2,OUTER_DIVINE_OPEN_WRAPPER_HIDE,OUTER_DIVINE_TARGET_START
PASSION24.HOUR.07.P015,145,147,OUTER_DIVINE_CLOSE_WRAPPER_HIDE,OUTER_DIVINE_TARGET_START
PASSION24.HOUR.07.P016,0,2,OUTER_DIVINE_OPEN_WRAPPER_HIDE,OUTER_DIVINE_TARGET_START
PASSION24.HOUR.07.P019,219,221,OUTER_DIVINE_CLOSE_WRAPPER_HIDE,OUTER_DIVINE_TARGET_START
PASSION24.HOUR.07.P028,0,2,OUTER_DIVINE_OPEN_WRAPPER_HIDE,OUTER_DIVINE_TARGET_START
PASSION24.HOUR.07.P030,20,22,OUTER_DIVINE_CLOSE_WRAPPER_HIDE,OUTER_DIVINE_TARGET_START
PASSION24.HOUR.07.P117,0,2,OUTER_DIVINE_OPEN_WRAPPER_HIDE,OUTER_DIVINE_TARGET_START
PASSION24.HOUR.07.P117,226,228,OUTER_DIVINE_CLOSE_WRAPPER_HIDE,OUTER_DIVINE_TARGET_START
PASSION24.HOUR.07.P121,0,2,OUTER_DIVINE_OPEN_WRAPPER_HIDE,OUTER_DIVINE_TARGET_START
PASSION24.HOUR.07.P125,126,128,OUTER_DIVINE_CLOSE_WRAPPER_HIDE,OUTER_DIVINE_TARGET_START
PASSION24.HOUR.08.P008,0,2,OUTER_DIVINE_OPEN_WRAPPER_HIDE,OUTER_DIVINE_TARGET_START
PASSION24.HOUR.08.P008,40,42,OUTER_DIVINE_CLOSE_WRAPPER_HIDE,OUTER_DIVINE_TARGET_START
PASSION24.HOUR.08.P009,12,14,OUTER_DIVINE_OPEN_WRAPPER_HIDE,OUTER_DIVINE_DIRECT_ATTRIBUTION
PASSION24.HOUR.08.P009,40,42,OUTER_DIVINE_CLOSE_WRAPPER_HIDE,OUTER_DIVINE_DIRECT_ATTRIBUTION
PASSION24.HOUR.08.P009,110,112,OUTER_DIVINE_OPEN_WRAPPER_HIDE,OUTER_DIVINE_DIRECT_ATTRIBUTION
PASSION24.HOUR.08.P009,138,140,OUTER_DIVINE_CLOSE_WRAPPER_HIDE,OUTER_DIVINE_DIRECT_ATTRIBUTION
PASSION24.HOUR.08.P012,296,298,OUTER_DIVINE_OPEN_WRAPPER_HIDE,OUTER_DIVINE_DIRECT_ATTRIBUTION
PASSION24.HOUR.08.P012,317,319,OUTER_DIVINE_CLOSE_WRAPPER_HIDE,OUTER_DIVINE_DIRECT_ATTRIBUTION
PASSION24.HOUR.08.P014,20,22,OUTER_DIVINE_OPEN_WRAPPER_HIDE,OUTER_DIVINE_DIRECT_ATTRIBUTION
PASSION24.HOUR.08.P014,32,34,OUTER_DIVINE_CLOSE_WRAPPER_HIDE,OUTER_DIVINE_DIRECT_ATTRIBUTION
PASSION24.HOUR.09.P006,37,39,OUTER_DIVINE_OPEN_WRAPPER_HIDE,OUTER_DIVINE_DIRECT_ATTRIBUTION
PASSION24.HOUR.09.P010,145,147,OUTER_DIVINE_CLOSE_WRAPPER_HIDE,OUTER_DIVINE_DIRECT_ATTRIBUTION
PASSION24.HOUR.11.P006,194,196,OUTER_DIVINE_OPEN_WRAPPER_HIDE,OUTER_DIVINE_DIRECT_ATTRIBUTION
PASSION24.HOUR.11.P010,139,141,OUTER_DIVINE_CLOSE_WRAPPER_HIDE,OUTER_DIVINE_DIRECT_ATTRIBUTION
PASSION24.HOUR.11.P020,0,2,OUTER_DIVINE_OPEN_WRAPPER_HIDE,OUTER_DIVINE_TARGET_START
PASSION24.HOUR.11.P021,249,251,OUTER_DIVINE_CLOSE_WRAPPER_HIDE,OUTER_DIVINE_TARGET_START
PASSION24.HOUR.11.P030,0,2,OUTER_DIVINE_OPEN_WRAPPER_HIDE,OUTER_DIVINE_TARGET_START
PASSION24.HOUR.11.P030,123,125,OUTER_DIVINE_CLOSE_WRAPPER_HIDE,OUTER_DIVINE_TARGET_START
PASSION24.HOUR.13.P005,16,18,OUTER_DIVINE_OPEN_WRAPPER_HIDE,OUTER_DIVINE_DIRECT_ATTRIBUTION
PASSION24.HOUR.13.P005,145,147,OUTER_DIVINE_CLOSE_WRAPPER_HIDE,OUTER_DIVINE_DIRECT_ATTRIBUTION
PASSION24.HOUR.13.P007,0,2,OUTER_DIVINE_OPEN_WRAPPER_HIDE,OUTER_DIVINE_TARGET_START
PASSION24.HOUR.13.P009,155,157,OUTER_DIVINE_CLOSE_WRAPPER_HIDE,OUTER_DIVINE_TARGET_START
PASSION24.HOUR.14.P004,93,95,OUTER_DIVINE_OPEN_WRAPPER_HIDE,OUTER_DIVINE_DIRECT_ATTRIBUTION
PASSION24.HOUR.14.P004,125,127,OUTER_DIVINE_CLOSE_WRAPPER_HIDE,OUTER_DIVINE_DIRECT_ATTRIBUTION
PASSION24.HOUR.15.P005,0,2,OUTER_DIVINE_OPEN_WRAPPER_HIDE,OUTER_DIVINE_TARGET_START
PASSION24.HOUR.15.P005,160,162,OUTER_DIVINE_CLOSE_WRAPPER_HIDE,OUTER_DIVINE_TARGET_START
PASSION24.HOUR.15.P006,17,19,OUTER_DIVINE_OPEN_WRAPPER_HIDE,OUTER_DIVINE_DIRECT_ATTRIBUTION
PASSION24.HOUR.15.P006,86,88,OUTER_DIVINE_CLOSE_WRAPPER_HIDE,OUTER_DIVINE_DIRECT_ATTRIBUTION
PASSION24.HOUR.16.P008,0,2,OUTER_DIVINE_OPEN_WRAPPER_HIDE,OUTER_DIVINE_TARGET_START
PASSION24.HOUR.16.P015,101,103,OUTER_DIVINE_CLOSE_WRAPPER_HIDE,OUTER_DIVINE_TARGET_START
PASSION24.HOUR.16.P026,0,2,OUTER_DIVINE_OPEN_WRAPPER_HIDE,OUTER_DIVINE_TARGET_START
PASSION24.HOUR.16.P028,74,76,OUTER_DIVINE_CLOSE_WRAPPER_HIDE,OUTER_DIVINE_TARGET_START
PASSION24.HOUR.16.P041,0,2,OUTER_DIVINE_OPEN_WRAPPER_HIDE,OUTER_DIVINE_TARGET_START
PASSION24.HOUR.16.P045,191,193,OUTER_DIVINE_CLOSE_WRAPPER_HIDE,OUTER_DIVINE_TARGET_START
PASSION24.HOUR.17.P009,0,2,OUTER_DIVINE_OPEN_WRAPPER_HIDE,OUTER_DIVINE_TARGET_START
PASSION24.HOUR.17.P014,45,47,OUTER_DIVINE_CLOSE_WRAPPER_HIDE,OUTER_DIVINE_TARGET_START
PASSION24.HOUR.17.P024,181,183,OUTER_DIVINE_OPEN_WRAPPER_HIDE,OUTER_DIVINE_DIRECT_ATTRIBUTION
PASSION24.HOUR.17.P027,152,154,OUTER_DIVINE_CLOSE_WRAPPER_HIDE,OUTER_DIVINE_DIRECT_ATTRIBUTION
PASSION24.HOUR.17.P037,0,2,OUTER_DIVINE_OPEN_WRAPPER_HIDE,OUTER_DIVINE_TARGET_START
PASSION24.HOUR.17.P044,291,293,OUTER_DIVINE_CLOSE_WRAPPER_HIDE,OUTER_DIVINE_TARGET_START
PASSION24.HOUR.17.P048,114,116,OUTER_DIVINE_OPEN_WRAPPER_HIDE,OUTER_DIVINE_DIRECT_ATTRIBUTION
PASSION24.HOUR.17.P048,270,272,OUTER_DIVINE_CLOSE_WRAPPER_HIDE,OUTER_DIVINE_DIRECT_ATTRIBUTION
PASSION24.HOUR.17.P058,63,65,OUTER_DIVINE_OPEN_WRAPPER_HIDE,OUTER_DIVINE_DIRECT_ATTRIBUTION
PASSION24.HOUR.17.P058,110,112,OUTER_DIVINE_CLOSE_WRAPPER_HIDE,OUTER_DIVINE_DIRECT_ATTRIBUTION
PASSION24.HOUR.17.P059,97,99,OUTER_DIVINE_OPEN_WRAPPER_HIDE,OUTER_DIVINE_DIRECT_ATTRIBUTION
PASSION24.HOUR.17.P059,122,124,OUTER_DIVINE_CLOSE_WRAPPER_HIDE,OUTER_DIVINE_DIRECT_ATTRIBUTION
PASSION24.HOUR.17.P063,0,2,OUTER_DIVINE_OPEN_WRAPPER_HIDE,OUTER_DIVINE_TARGET_START
PASSION24.HOUR.17.P068,161,163,OUTER_DIVINE_CLOSE_WRAPPER_HIDE,OUTER_DIVINE_TARGET_START
PASSION24.HOUR.17.REF.P011,0,2,OUTER_DIVINE_OPEN_WRAPPER_HIDE,OUTER_DIVINE_TARGET_START
PASSION24.HOUR.17.REF.P013,173,175,OUTER_DIVINE_CLOSE_WRAPPER_HIDE,OUTER_DIVINE_TARGET_START
PASSION24.HOUR.18.P005,0,2,OUTER_DIVINE_OPEN_WRAPPER_HIDE,OUTER_DIVINE_TARGET_START
PASSION24.HOUR.18.P005,114,116,OUTER_DIVINE_CLOSE_WRAPPER_HIDE,OUTER_DIVINE_TARGET_START
PASSION24.HOUR.18.P014,0,2,OUTER_DIVINE_OPEN_WRAPPER_HIDE,OUTER_DIVINE_TARGET_START
PASSION24.HOUR.18.P021,77,79,OUTER_DIVINE_CLOSE_WRAPPER_HIDE,OUTER_DIVINE_TARGET_START
PASSION24.HOUR.18.P028,117,119,OUTER_DIVINE_OPEN_WRAPPER_HIDE,OUTER_DIVINE_DIRECT_ATTRIBUTION
PASSION24.HOUR.18.P031,154,156,OUTER_DIVINE_CLOSE_WRAPPER_HIDE,OUTER_DIVINE_DIRECT_ATTRIBUTION
PASSION24.HOUR.18.P101,0,2,OUTER_DIVINE_OPEN_WRAPPER_HIDE,OUTER_DIVINE_TARGET_START
PASSION24.HOUR.18.P101,80,82,OUTER_DIVINE_CLOSE_WRAPPER_HIDE,OUTER_DIVINE_TARGET_START
PASSION24.HOUR.18.P111,187,189,OUTER_DIVINE_OPEN_WRAPPER_HIDE,OUTER_DIVINE_DIRECT_ATTRIBUTION
PASSION24.HOUR.18.P113,146,148,OUTER_DIVINE_CLOSE_WRAPPER_HIDE,OUTER_DIVINE_DIRECT_ATTRIBUTION
PASSION24.HOUR.19.P015,0,2,OUTER_DIVINE_OPEN_WRAPPER_HIDE,OUTER_DIVINE_TARGET_START
PASSION24.HOUR.19.P018,93,95,OUTER_DIVINE_CLOSE_WRAPPER_HIDE,OUTER_DIVINE_TARGET_START
PASSION24.HOUR.19.P026,0,2,OUTER_DIVINE_OPEN_WRAPPER_HIDE,OUTER_DIVINE_TARGET_START
PASSION24.HOUR.19.P027,121,123,OUTER_DIVINE_CLOSE_WRAPPER_HIDE,OUTER_DIVINE_TARGET_START
PASSION24.HOUR.19.P079,0,2,OUTER_DIVINE_OPEN_WRAPPER_HIDE,OUTER_DIVINE_TARGET_START
PASSION24.HOUR.19.P081,172,174,OUTER_DIVINE_CLOSE_WRAPPER_HIDE,OUTER_DIVINE_TARGET_START
PASSION24.HOUR.19.P108,0,2,OUTER_DIVINE_OPEN_WRAPPER_HIDE,OUTER_DIVINE_TARGET_START
PASSION24.HOUR.19.P112,218,220,OUTER_DIVINE_CLOSE_WRAPPER_HIDE,OUTER_DIVINE_TARGET_START
PASSION24.HOUR.19.P121,358,360,OUTER_DIVINE_OPEN_WRAPPER_HIDE,OUTER_DIVINE_DIRECT_ATTRIBUTION
PASSION24.HOUR.19.P121,414,416,OUTER_DIVINE_CLOSE_WRAPPER_HIDE,OUTER_DIVINE_DIRECT_ATTRIBUTION
PASSION24.HOUR.19.P124,0,2,OUTER_DIVINE_OPEN_WRAPPER_HIDE,OUTER_DIVINE_TARGET_START
PASSION24.HOUR.19.P126,143,145,OUTER_DIVINE_CLOSE_WRAPPER_HIDE,OUTER_DIVINE_TARGET_START
PASSION24.HOUR.19.P133,0,2,OUTER_DIVINE_OPEN_WRAPPER_HIDE,OUTER_DIVINE_TARGET_START
PASSION24.HOUR.19.P137,117,119,OUTER_DIVINE_CLOSE_WRAPPER_HIDE,OUTER_DIVINE_TARGET_START
PASSION24.HOUR.19.P146,0,2,OUTER_DIVINE_OPEN_WRAPPER_HIDE,OUTER_DIVINE_TARGET_START
PASSION24.HOUR.19.P149,167,169,OUTER_DIVINE_CLOSE_WRAPPER_HIDE,OUTER_DIVINE_TARGET_START
PASSION24.HOUR.19.P164,0,2,OUTER_DIVINE_OPEN_WRAPPER_HIDE,OUTER_DIVINE_TARGET_START
PASSION24.HOUR.19.P165,148,150,OUTER_DIVINE_CLOSE_WRAPPER_HIDE,OUTER_DIVINE_TARGET_START
PASSION24.HOUR.19.P166,35,37,OUTER_DIVINE_OPEN_WRAPPER_HIDE,OUTER_DIVINE_DIRECT_ATTRIBUTION
PASSION24.HOUR.19.P168,98,100,OUTER_DIVINE_CLOSE_WRAPPER_HIDE,OUTER_DIVINE_DIRECT_ATTRIBUTION
PASSION24.HOUR.20.P010,0,2,OUTER_DIVINE_OPEN_WRAPPER_HIDE,OUTER_DIVINE_TARGET_START
PASSION24.HOUR.20.P010,61,63,OUTER_DIVINE_CLOSE_WRAPPER_HIDE,OUTER_DIVINE_TARGET_START
PASSION24.HOUR.21.P010,0,2,OUTER_DIVINE_OPEN_WRAPPER_HIDE,OUTER_DIVINE_TARGET_START
PASSION24.HOUR.21.P010,55,57,OUTER_DIVINE_CLOSE_WRAPPER_HIDE,OUTER_DIVINE_TARGET_START
PASSION24.HOUR.21.P019,0,2,OUTER_DIVINE_OPEN_WRAPPER_HIDE,OUTER_DIVINE_TARGET_START
PASSION24.HOUR.21.P019,45,47,OUTER_DIVINE_CLOSE_WRAPPER_HIDE,OUTER_DIVINE_TARGET_START
PASSION24.HOUR.21.P023,18,20,OUTER_DIVINE_OPEN_WRAPPER_HIDE,OUTER_DIVINE_DIRECT_ATTRIBUTION
PASSION24.HOUR.21.P023,135,137,OUTER_DIVINE_CLOSE_WRAPPER_HIDE,OUTER_DIVINE_DIRECT_ATTRIBUTION
PASSION24.HOUR.21.P027,0,2,OUTER_DIVINE_OPEN_WRAPPER_HIDE,OUTER_DIVINE_TARGET_START
PASSION24.HOUR.21.P027,214,216,OUTER_DIVINE_CLOSE_WRAPPER_HIDE,OUTER_DIVINE_TARGET_START
PASSION24.HOUR.21.P066,0,2,OUTER_DIVINE_OPEN_WRAPPER_HIDE,OUTER_DIVINE_TARGET_START
PASSION24.HOUR.21.P068,84,86,OUTER_DIVINE_CLOSE_WRAPPER_HIDE,OUTER_DIVINE_TARGET_START
PASSION24.HOUR.21.P083,0,2,OUTER_DIVINE_OPEN_WRAPPER_HIDE,OUTER_DIVINE_TARGET_START
PASSION24.HOUR.21.P083,40,42,OUTER_DIVINE_CLOSE_WRAPPER_HIDE,OUTER_DIVINE_TARGET_START
PASSION24.HOUR.22.P006,145,147,OUTER_DIVINE_OPEN_WRAPPER_HIDE,OUTER_DIVINE_DIRECT_ATTRIBUTION
PASSION24.HOUR.22.P006,158,160,OUTER_DIVINE_CLOSE_WRAPPER_HIDE,OUTER_DIVINE_DIRECT_ATTRIBUTION
PASSION24.HOUR.22.P007,0,2,OUTER_DIVINE_OPEN_WRAPPER_HIDE,OUTER_DIVINE_TARGET_START
PASSION24.HOUR.22.P009,27,29,OUTER_DIVINE_CLOSE_WRAPPER_HIDE,OUTER_DIVINE_TARGET_START
PASSION24.HOUR.22.P022,0,2,OUTER_DIVINE_OPEN_WRAPPER_HIDE,OUTER_DIVINE_TARGET_START
PASSION24.HOUR.22.P022,21,23,OUTER_DIVINE_CLOSE_WRAPPER_HIDE,OUTER_DIVINE_TARGET_START
PASSION24.HOUR.22.P028,96,98,OUTER_DIVINE_OPEN_WRAPPER_HIDE,OUTER_DIVINE_DIRECT_ATTRIBUTION
PASSION24.HOUR.22.P028,187,189,OUTER_DIVINE_CLOSE_WRAPPER_HIDE,OUTER_DIVINE_DIRECT_ATTRIBUTION
PASSION24.HOUR.22.P029,87,89,OUTER_DIVINE_OPEN_WRAPPER_HIDE,OUTER_DIVINE_DIRECT_ATTRIBUTION
PASSION24.HOUR.22.P029,96,98,OUTER_DIVINE_CLOSE_WRAPPER_HIDE,OUTER_DIVINE_DIRECT_ATTRIBUTION
PASSION24.HOUR.22.P030,67,69,OUTER_DIVINE_OPEN_WRAPPER_HIDE,OUTER_DIVINE_DIRECT_ATTRIBUTION
PASSION24.HOUR.22.P030,119,121,OUTER_DIVINE_CLOSE_WRAPPER_HIDE,OUTER_DIVINE_DIRECT_ATTRIBUTION
PASSION24.HOUR.22.P031,143,145,OUTER_DIVINE_OPEN_WRAPPER_HIDE,OUTER_DIVINE_DIRECT_ATTRIBUTION
PASSION24.HOUR.22.P031,190,192,OUTER_DIVINE_CLOSE_WRAPPER_HIDE,OUTER_DIVINE_DIRECT_ATTRIBUTION
PASSION24.HOUR.22.P041,0,2,OUTER_DIVINE_OPEN_WRAPPER_HIDE,OUTER_DIVINE_TARGET_START
PASSION24.HOUR.22.P041,66,68,OUTER_DIVINE_CLOSE_WRAPPER_HIDE,OUTER_DIVINE_TARGET_START
PASSION24.HOUR.22.REF.P001,214,216,OUTER_DIVINE_OPEN_WRAPPER_HIDE,OUTER_DIVINE_DIRECT_ATTRIBUTION
PASSION24.HOUR.22.REF.P001,235,237,OUTER_DIVINE_CLOSE_WRAPPER_HIDE,OUTER_DIVINE_DIRECT_ATTRIBUTION
PASSION24.HOUR.23.P011,12,14,OUTER_DIVINE_OPEN_WRAPPER_HIDE,OUTER_DIVINE_DIRECT_ATTRIBUTION
PASSION24.HOUR.23.P018,132,134,OUTER_DIVINE_CLOSE_WRAPPER_HIDE,OUTER_DIVINE_DIRECT_ATTRIBUTION
PASSION24.HOUR.24.DESOL.P001,0,2,OUTER_DIVINE_OPEN_WRAPPER_HIDE,OUTER_DIVINE_TARGET_START
PASSION24.HOUR.24.DESOL.P001,139,141,OUTER_DIVINE_CLOSE_WRAPPER_HIDE,OUTER_DIVINE_TARGET_START
PASSION24.HOUR.24.DESOL.P009,0,2,OUTER_DIVINE_OPEN_WRAPPER_HIDE,OUTER_DIVINE_TARGET_START
PASSION24.HOUR.24.DESOL.P014,117,119,OUTER_DIVINE_CLOSE_WRAPPER_HIDE,OUTER_DIVINE_TARGET_START
PASSION24.HOUR.24.DESOL.P018,0,2,OUTER_DIVINE_OPEN_WRAPPER_HIDE,OUTER_DIVINE_TARGET_START
PASSION24.HOUR.24.DESOL.P019,174,176,OUTER_DIVINE_CLOSE_WRAPPER_HIDE,OUTER_DIVINE_TARGET_START
PASSION24.HOUR.24.DESOL.P022,0,2,OUTER_DIVINE_OPEN_WRAPPER_HIDE,OUTER_DIVINE_TARGET_START
PASSION24.HOUR.24.DESOL.P027,77,79,OUTER_DIVINE_CLOSE_WRAPPER_HIDE,OUTER_DIVINE_TARGET_START
PASSION24.HOUR.24.DESOL.P077,0,2,OUTER_DIVINE_OPEN_WRAPPER_HIDE,OUTER_DIVINE_TARGET_START
PASSION24.HOUR.24.DESOL.P077,118,120,OUTER_DIVINE_CLOSE_WRAPPER_HIDE,OUTER_DIVINE_TARGET_START
PASSION24.SECTION.BENEFITS.P004,97,98,OUTER_DIVINE_OPEN_WRAPPER_HIDE,OUTER_DIVINE_DIRECT_ATTRIBUTION
PASSION24.SECTION.BENEFITS.P015,95,96,OUTER_DIVINE_CLOSE_WRAPPER_HIDE,OUTER_DIVINE_DIRECT_ATTRIBUTION
PASSION24.SECTION.BENEFITS.P017,83,84,OUTER_DIVINE_OPEN_WRAPPER_HIDE,OUTER_DIVINE_DIRECT_ATTRIBUTION
PASSION24.SECTION.BENEFITS.P018,15,16,OUTER_DIVINE_CLOSE_WRAPPER_HIDE,OUTER_DIVINE_DIRECT_ATTRIBUTION
PASSION24.SECTION.BENEFITS.P034,211,212,OUTER_DIVINE_CLOSE_WRAPPER_HIDE,OUTER_DIVINE_DIRECT_ATTRIBUTION
PASSION24.SECTION.BENEFITS.P051,107,108,OUTER_DIVINE_CLOSE_WRAPPER_HIDE,UNBALANCED_SOURCE_OUTER_CLOSE_AFTER_DIVINE_TURN
PASSION24.SECTION.BENEFITS.P055,230,231,OUTER_DIVINE_OPEN_WRAPPER_HIDE,OUTER_DIVINE_DIRECT_ATTRIBUTION
PASSION24.SECTION.BENEFITS.P055,308,309,OUTER_DIVINE_CLOSE_WRAPPER_HIDE,OUTER_DIVINE_DIRECT_ATTRIBUTION
PASSION24.SECTION.BENEFITS.P057,35,36,OUTER_DIVINE_OPEN_WRAPPER_HIDE,OUTER_DIVINE_DIRECT_ATTRIBUTION
PASSION24.SECTION.BENEFITS.P057,391,392,OUTER_DIVINE_CLOSE_WRAPPER_HIDE,OUTER_DIVINE_DIRECT_ATTRIBUTION
PASSION24.SECTION.BENEFITS.P078,0,1,OUTER_DIVINE_OPEN_WRAPPER_HIDE,OUTER_DIVINE_TARGET_START
PASSION24.SECTION.BENEFITS.P086,202,203,OUTER_DIVINE_CLOSE_WRAPPER_HIDE,OUTER_DIVINE_TARGET_START
PASSION24.SECTION.BENEFITS.P093,91,92,OUTER_DIVINE_CLOSE_WRAPPER_HIDE,OUTER_DIVINE_DIRECT_ATTRIBUTION
PASSION24.SECTION.BENEFITS.P095,64,65,OUTER_DIVINE_OPEN_WRAPPER_HIDE,OUTER_DIVINE_DIRECT_ATTRIBUTION
PASSION24.SECTION.BENEFITS.P102,194,195,OUTER_DIVINE_CLOSE_WRAPPER_HIDE,OUTER_DIVINE_DIRECT_ATTRIBUTION
PASSION24.SECTION.BENEFITS.P102,208,209,OUTER_DIVINE_OPEN_WRAPPER_HIDE,OUTER_DIVINE_DIRECT_ATTRIBUTION
PASSION24.SECTION.BENEFITS.P103,61,62,OUTER_DIVINE_CLOSE_WRAPPER_HIDE,OUTER_DIVINE_DIRECT_ATTRIBUTION
PASSION24.SECTION.BENEFITS.P106,40,41,OUTER_DIVINE_OPEN_WRAPPER_HIDE,OUTER_DIVINE_DIRECT_ATTRIBUTION
PASSION24.SECTION.BENEFITS.P106,118,119,OUTER_DIVINE_CLOSE_WRAPPER_HIDE,OUTER_DIVINE_DIRECT_ATTRIBUTION
PASSION24.SECTION.BENEFITS.P108,12,13,OUTER_DIVINE_OPEN_WRAPPER_HIDE,OUTER_DIVINE_DIRECT_ATTRIBUTION
PASSION24.SECTION.BENEFITS.P108,368,369,OUTER_DIVINE_CLOSE_WRAPPER_HIDE,OUTER_DIVINE_DIRECT_ATTRIBUTION
PASSION24.SECTION.BENEFITS.P110,12,13,OUTER_DIVINE_OPEN_WRAPPER_HIDE,OUTER_DIVINE_DIRECT_ATTRIBUTION
PASSION24.SECTION.BENEFITS.P116,216,217,OUTER_DIVINE_CLOSE_WRAPPER_HIDE,OUTER_DIVINE_DIRECT_ATTRIBUTION
PASSION24.SECTION.BENEFITS.P120,150,151,OUTER_DIVINE_CLOSE_WRAPPER_HIDE,OUTER_DIVINE_DIRECT_ATTRIBUTION
PASSION24.SECTION.BENEFITS.P131,133,134,OUTER_DIVINE_CLOSE_WRAPPER_HIDE,OUTER_DIVINE_DIRECT_ATTRIBUTION
PASSION24.SECTION.BENEFITS.P136,156,157,OUTER_DIVINE_CLOSE_WRAPPER_HIDE,OUTER_DIVINE_DIRECT_ATTRIBUTION
PASSION24.SECTION.BENEFITS.P136,178,179,OUTER_DIVINE_OPEN_WRAPPER_HIDE,OUTER_DIVINE_DIRECT_ATTRIBUTION
PASSION24.SECTION.BENEFITS.P139,77,78,OUTER_DIVINE_CLOSE_WRAPPER_HIDE,OUTER_DIVINE_DIRECT_ATTRIBUTION
PASSION24.SECTION.BENEFITS.P149,139,140,OUTER_DIVINE_CLOSE_WRAPPER_HIDE,OUTER_DIVINE_DIRECT_ATTRIBUTION
PASSION24.SECTION.BENEFITS.P153,63,64,OUTER_DIVINE_OPEN_WRAPPER_HIDE,OUTER_DIVINE_DIRECT_ATTRIBUTION
PASSION24.SECTION.BENEFITS.P159,187,188,OUTER_DIVINE_CLOSE_WRAPPER_HIDE,OUTER_DIVINE_DIRECT_ATTRIBUTION
PASSION24.SECTION.BENEFITS.P163,330,331,OUTER_DIVINE_CLOSE_WRAPPER_HIDE,OUTER_DIVINE_DIRECT_ATTRIBUTION
PASSION24.SECTION.BENEFITS.P169,12,13,OUTER_DIVINE_OPEN_WRAPPER_HIDE,OUTER_DIVINE_DIRECT_ATTRIBUTION
PASSION24.SECTION.BENEFITS.P173,100,101,OUTER_DIVINE_CLOSE_WRAPPER_HIDE,OUTER_DIVINE_DIRECT_ATTRIBUTION
PASSION24.SECTION.BENEFITS.P175,107,108,OUTER_DIVINE_OPEN_WRAPPER_HIDE,OUTER_DIVINE_DIRECT_ATTRIBUTION
PASSION24.SECTION.BENEFITS.P176,251,252,OUTER_DIVINE_CLOSE_WRAPPER_HIDE,OUTER_DIVINE_DIRECT_ATTRIBUTION
PASSION24.TEXT.PART_III_DIVINE_PASSION.BODY.P028,203,204,OUTER_DIVINE_CLOSE_WRAPPER_HIDE,OUTER_DIVINE_CROSS_RECORD
PASSION24.TEXT.PART_III_DIVINE_PASSION.BODY.P043,182,183,OUTER_DIVINE_CLOSE_WRAPPER_HIDE,OUTER_DIVINE_DIRECT_ATTRIBUTION
PASSION24.TEXT.PART_III_DIVINE_PASSION.BODY.P046,12,13,OUTER_DIVINE_OPEN_WRAPPER_HIDE,OUTER_DIVINE_DIRECT_ATTRIBUTION
PASSION24.TEXT.PART_III_DIVINE_PASSION.BODY.P059,171,172,OUTER_DIVINE_CLOSE_WRAPPER_HIDE,OUTER_DIVINE_DIRECT_ATTRIBUTION
PASSION24.TEXT.PART_III_DIVINE_PASSION.BODY.P068,200,201,OUTER_DIVINE_CLOSE_WRAPPER_HIDE,OUTER_DIVINE_DIRECT_ATTRIBUTION
PASSION24.TEXT.PART_III_DIVINE_PASSION.BODY.P079,24,25,OUTER_DIVINE_OPEN_WRAPPER_HIDE,OUTER_DIVINE_DIRECT_ATTRIBUTION
PASSION24.TEXT.PART_III_DIVINE_PASSION.BODY.P085,89,90,OUTER_DIVINE_CLOSE_WRAPPER_HIDE,OUTER_DIVINE_DIRECT_ATTRIBUTION
PASSION24.TEXT.PART_III_DIVINE_PASSION.BODY.P091,33,34,OUTER_DIVINE_OPEN_WRAPPER_HIDE,OUTER_DIVINE_DIRECT_ATTRIBUTION
PASSION24.TEXT.PART_III_DIVINE_PASSION.BODY.P111,176,177,OUTER_DIVINE_CLOSE_WRAPPER_HIDE,OUTER_DIVINE_DIRECT_ATTRIBUTION
PASSION24.TEXT.PART_III_DIVINE_PASSION.BODY.P115,64,65,OUTER_DIVINE_OPEN_WRAPPER_HIDE,OUTER_DIVINE_DIRECT_ATTRIBUTION
PASSION24.TEXT.PART_III_DIVINE_PASSION.BODY.P123,64,65,OUTER_DIVINE_CLOSE_WRAPPER_HIDE,OUTER_DIVINE_DIRECT_ATTRIBUTION
PASSION24.TEXT.PART_III_DIVINE_PASSION.BODY.P128,288,289,OUTER_DIVINE_CLOSE_WRAPPER_HIDE,OUTER_DIVINE_DIRECT_ATTRIBUTION
PASSION24.TEXT.PART_III_DIVINE_PASSION.BODY.P131,12,13,OUTER_DIVINE_OPEN_WRAPPER_HIDE,OUTER_DIVINE_DIRECT_ATTRIBUTION
PASSION24.TEXT.PART_III_DIVINE_PASSION.BODY.P139,355,356,OUTER_DIVINE_CLOSE_WRAPPER_HIDE,OUTER_DIVINE_DIRECT_ATTRIBUTION
PASSION24.TEXT.PART_III_DIVINE_PASSION.BODY.P146,75,76,OUTER_DIVINE_CLOSE_WRAPPER_HIDE,OUTER_DIVINE_DIRECT_ATTRIBUTION
PASSION24.TEXT.PART_III_DIVINE_PASSION.BODY.P158,126,127,OUTER_DIVINE_CLOSE_WRAPPER_HIDE,OUTER_DIVINE_DIRECT_ATTRIBUTION
PASSION24.TEXT.PART_III_DIVINE_PASSION.BODY.P168,84,85,OUTER_DIVINE_CLOSE_WRAPPER_HIDE,OUTER_DIVINE_DIRECT_ATTRIBUTION
PASSION24.TEXT.PART_III_DIVINE_PASSION.BODY.P183,52,53,OUTER_DIVINE_CLOSE_WRAPPER_HIDE,OUTER_DIVINE_DIRECT_ATTRIBUTION
PASSION24.TEXT.PART_III_MARY_SORROWS.BODY.P021,146,147,OUTER_DIVINE_CLOSE_WRAPPER_HIDE,OUTER_DIVINE_DIRECT_ATTRIBUTION
PASSION24.TEXT.PART_III_MARY_SORROWS.BODY.P026,229,230,OUTER_DIVINE_CLOSE_WRAPPER_HIDE,OUTER_DIVINE_DIRECT_ATTRIBUTION
PASSION24.TEXT.PART_III_MARY_SORROWS.BODY.P032,229,230,OUTER_DIVINE_CLOSE_WRAPPER_HIDE,OUTER_DIVINE_DIRECT_ATTRIBUTION
PASSION24.TEXT.PART_III_MARY_SORROWS.BODY.P043,376,377,OUTER_DIVINE_CLOSE_WRAPPER_HIDE,OUTER_DIVINE_DIRECT_ATTRIBUTION
PASSION24.TEXT.PROMISES_BENEFITS.BODY.P004,97,98,OUTER_DIVINE_OPEN_WRAPPER_HIDE,OUTER_DIVINE_DIRECT_ATTRIBUTION
PASSION24.TEXT.PROMISES_BENEFITS.BODY.P013,95,96,OUTER_DIVINE_CLOSE_WRAPPER_HIDE,OUTER_DIVINE_DIRECT_ATTRIBUTION
PASSION24.TEXT.PROMISES_BENEFITS.BODY.P015,83,84,OUTER_DIVINE_OPEN_WRAPPER_HIDE,OUTER_DIVINE_DIRECT_ATTRIBUTION
PASSION24.TEXT.PROMISES_BENEFITS.BODY.P016,15,16,OUTER_DIVINE_CLOSE_WRAPPER_HIDE,OUTER_DIVINE_DIRECT_ATTRIBUTION
PASSION24.TEXT.PROMISES_BENEFITS.BODY.P032,211,212,OUTER_DIVINE_CLOSE_WRAPPER_HIDE,OUTER_DIVINE_DIRECT_ATTRIBUTION
PASSION24.TEXT.PROMISES_BENEFITS.BODY.P049,107,108,OUTER_DIVINE_CLOSE_WRAPPER_HIDE,UNBALANCED_SOURCE_OUTER_CLOSE_AFTER_DIVINE_TURN
PASSION24.TEXT.PROMISES_BENEFITS.BODY.P053,230,231,OUTER_DIVINE_OPEN_WRAPPER_HIDE,OUTER_DIVINE_DIRECT_ATTRIBUTION
PASSION24.TEXT.PROMISES_BENEFITS.BODY.P053,308,309,OUTER_DIVINE_CLOSE_WRAPPER_HIDE,OUTER_DIVINE_DIRECT_ATTRIBUTION
PASSION24.TEXT.PROMISES_BENEFITS.BODY.P055,35,36,OUTER_DIVINE_OPEN_WRAPPER_HIDE,OUTER_DIVINE_DIRECT_ATTRIBUTION
PASSION24.TEXT.PROMISES_BENEFITS.BODY.P055,391,392,OUTER_DIVINE_CLOSE_WRAPPER_HIDE,OUTER_DIVINE_DIRECT_ATTRIBUTION
PASSION24.TEXT.PROMISES_BENEFITS.BODY.P075,0,1,OUTER_DIVINE_OPEN_WRAPPER_HIDE,OUTER_DIVINE_TARGET_START
PASSION24.TEXT.PROMISES_BENEFITS.BODY.P082,202,203,OUTER_DIVINE_CLOSE_WRAPPER_HIDE,OUTER_DIVINE_TARGET_START
PASSION24.TEXT.PROMISES_BENEFITS.BODY.P089,91,92,OUTER_DIVINE_CLOSE_WRAPPER_HIDE,OUTER_DIVINE_DIRECT_ATTRIBUTION
PASSION24.TEXT.PROMISES_BENEFITS.BODY.P091,64,65,OUTER_DIVINE_OPEN_WRAPPER_HIDE,OUTER_DIVINE_DIRECT_ATTRIBUTION
PASSION24.TEXT.PROMISES_BENEFITS.BODY.P097,194,195,OUTER_DIVINE_CLOSE_WRAPPER_HIDE,OUTER_DIVINE_DIRECT_ATTRIBUTION
PASSION24.TEXT.PROMISES_BENEFITS.BODY.P097,208,209,OUTER_DIVINE_OPEN_WRAPPER_HIDE,OUTER_DIVINE_DIRECT_ATTRIBUTION
PASSION24.TEXT.PROMISES_BENEFITS.BODY.P098,61,62,OUTER_DIVINE_CLOSE_WRAPPER_HIDE,OUTER_DIVINE_DIRECT_ATTRIBUTION
PASSION24.TEXT.PROMISES_BENEFITS.BODY.P101,40,41,OUTER_DIVINE_OPEN_WRAPPER_HIDE,OUTER_DIVINE_DIRECT_ATTRIBUTION
PASSION24.TEXT.PROMISES_BENEFITS.BODY.P101,118,119,OUTER_DIVINE_CLOSE_WRAPPER_HIDE,OUTER_DIVINE_DIRECT_ATTRIBUTION
PASSION24.TEXT.PROMISES_BENEFITS.BODY.P103,12,13,OUTER_DIVINE_OPEN_WRAPPER_HIDE,OUTER_DIVINE_DIRECT_ATTRIBUTION
PASSION24.TEXT.PROMISES_BENEFITS.BODY.P103,368,369,OUTER_DIVINE_CLOSE_WRAPPER_HIDE,OUTER_DIVINE_DIRECT_ATTRIBUTION
PASSION24.TEXT.PROMISES_BENEFITS.BODY.P105,12,13,OUTER_DIVINE_OPEN_WRAPPER_HIDE,OUTER_DIVINE_DIRECT_ATTRIBUTION
PASSION24.TEXT.PROMISES_BENEFITS.BODY.P111,216,217,OUTER_DIVINE_CLOSE_WRAPPER_HIDE,OUTER_DIVINE_DIRECT_ATTRIBUTION
PASSION24.TEXT.PROMISES_BENEFITS.BODY.P115,150,151,OUTER_DIVINE_CLOSE_WRAPPER_HIDE,OUTER_DIVINE_DIRECT_ATTRIBUTION
PASSION24.TEXT.PROMISES_BENEFITS.BODY.P126,133,134,OUTER_DIVINE_CLOSE_WRAPPER_HIDE,OUTER_DIVINE_DIRECT_ATTRIBUTION
PASSION24.TEXT.PROMISES_BENEFITS.BODY.P131,156,157,OUTER_DIVINE_CLOSE_WRAPPER_HIDE,OUTER_DIVINE_DIRECT_ATTRIBUTION
PASSION24.TEXT.PROMISES_BENEFITS.BODY.P131,178,179,OUTER_DIVINE_OPEN_WRAPPER_HIDE,OUTER_DIVINE_DIRECT_ATTRIBUTION
PASSION24.TEXT.PROMISES_BENEFITS.BODY.P134,77,78,OUTER_DIVINE_CLOSE_WRAPPER_HIDE,OUTER_DIVINE_DIRECT_ATTRIBUTION
PASSION24.TEXT.PROMISES_BENEFITS.BODY.P144,139,140,OUTER_DIVINE_CLOSE_WRAPPER_HIDE,OUTER_DIVINE_DIRECT_ATTRIBUTION
PASSION24.TEXT.PROMISES_BENEFITS.BODY.P148,63,64,OUTER_DIVINE_OPEN_WRAPPER_HIDE,OUTER_DIVINE_DIRECT_ATTRIBUTION
PASSION24.TEXT.PROMISES_BENEFITS.BODY.P154,187,188,OUTER_DIVINE_CLOSE_WRAPPER_HIDE,OUTER_DIVINE_DIRECT_ATTRIBUTION
PASSION24.TEXT.PROMISES_BENEFITS.BODY.P158,330,331,OUTER_DIVINE_CLOSE_WRAPPER_HIDE,OUTER_DIVINE_DIRECT_ATTRIBUTION
PASSION24.TEXT.PROMISES_BENEFITS.BODY.P164,12,13,OUTER_DIVINE_OPEN_WRAPPER_HIDE,OUTER_DIVINE_DIRECT_ATTRIBUTION
PASSION24.TEXT.PROMISES_BENEFITS.BODY.P168,100,101,OUTER_DIVINE_CLOSE_WRAPPER_HIDE,OUTER_DIVINE_DIRECT_ATTRIBUTION
PASSION24.TEXT.PROMISES_BENEFITS.BODY.P170,107,108,OUTER_DIVINE_OPEN_WRAPPER_HIDE,OUTER_DIVINE_DIRECT_ATTRIBUTION
PASSION24.TEXT.PROMISES_BENEFITS.BODY.P171,251,252,OUTER_DIVINE_CLOSE_WRAPPER_HIDE,OUTER_DIVINE_DIRECT_ATTRIBUTION
PASSION24.TEXT.RELATED_HOUR_01.BODY.P013,113,114,OUTER_DIVINE_CLOSE_WRAPPER_HIDE,OUTER_DIVINE_DIRECT_ATTRIBUTION
PASSION24.TEXT.RELATED_HOUR_01.BODY.P014,16,17,OUTER_DIVINE_OPEN_WRAPPER_HIDE,OUTER_DIVINE_DIRECT_ATTRIBUTION
PASSION24.TEXT.RELATED_HOUR_01.BODY.P017,114,115,OUTER_DIVINE_CLOSE_WRAPPER_HIDE,OUTER_DIVINE_DIRECT_ATTRIBUTION
PASSION24.TEXT.RELATED_HOUR_01.BODY.P021,12,13,OUTER_DIVINE_OPEN_WRAPPER_HIDE,OUTER_DIVINE_DIRECT_ATTRIBUTION
PASSION24.TEXT.RELATED_HOUR_01.BODY.P036,220,221,OUTER_DIVINE_CLOSE_WRAPPER_HIDE,OUTER_DIVINE_DIRECT_ATTRIBUTION
PASSION24.TEXT.RELATED_HOUR_01.BODY.P047,317,318,OUTER_DIVINE_CLOSE_WRAPPER_HIDE,OUTER_DIVINE_CROSS_RECORD
PASSION24.TEXT.RELATED_HOUR_01.BODY.P052,49,50,OUTER_DIVINE_CLOSE_WRAPPER_HIDE,OUTER_DIVINE_CROSS_RECORD
PASSION24.TEXT.RELATED_HOUR_02.BODY.P010,51,52,OUTER_DIVINE_CLOSE_WRAPPER_HIDE,OUTER_DIVINE_DIRECT_ATTRIBUTION
PASSION24.TEXT.RELATED_HOUR_03.BODY.P017,81,82,OUTER_DIVINE_CLOSE_WRAPPER_HIDE,OUTER_DIVINE_DIRECT_ATTRIBUTION
PASSION24.TEXT.RELATED_HOUR_03.BODY.P033,207,208,OUTER_DIVINE_CLOSE_WRAPPER_HIDE,OUTER_DIVINE_DIRECT_ATTRIBUTION
PASSION24.TEXT.RELATED_HOUR_04.BODY.P110,184,185,OUTER_DIVINE_CLOSE_WRAPPER_HIDE,OUTER_DIVINE_DIRECT_ATTRIBUTION
PASSION24.TEXT.RELATED_HOUR_04.BODY.P121,118,119,OUTER_DIVINE_CLOSE_WRAPPER_HIDE,OUTER_DIVINE_DIRECT_ATTRIBUTION
PASSION24.TEXT.RELATED_HOUR_04.BODY.P140,304,306,OUTER_DIVINE_CLOSE_WRAPPER_HIDE,OUTER_DIVINE_DIRECT_ATTRIBUTION
PASSION24.TEXT.RELATED_HOUR_04.BODY.P146,12,13,OUTER_DIVINE_OPEN_WRAPPER_HIDE,OUTER_DIVINE_DIRECT_ATTRIBUTION
PASSION24.TEXT.RELATED_HOUR_04.BODY.P162,283,284,OUTER_DIVINE_CLOSE_WRAPPER_HIDE,OUTER_DIVINE_DIRECT_ATTRIBUTION
PASSION24.TEXT.RELATED_HOUR_04.BODY.P175,114,116,OUTER_DIVINE_CLOSE_WRAPPER_HIDE,OUTER_DIVINE_CROSS_RECORD
PASSION24.TEXT.RELATED_HOUR_05.BODY.P014,378,379,OUTER_DIVINE_CLOSE_WRAPPER_HIDE,OUTER_DIVINE_DIRECT_ATTRIBUTION
PASSION24.TEXT.RELATED_HOUR_05.BODY.P027,140,141,OUTER_DIVINE_CLOSE_WRAPPER_HIDE,OUTER_DIVINE_DIRECT_ATTRIBUTION
PASSION24.TEXT.RELATED_HOUR_05.BODY.P040,265,266,OUTER_DIVINE_CLOSE_WRAPPER_HIDE,OUTER_DIVINE_DIRECT_ATTRIBUTION
PASSION24.TEXT.RELATED_HOUR_06.BODY.P011,70,71,OUTER_DIVINE_OPEN_WRAPPER_HIDE,OUTER_DIVINE_CROSS_RECORD
PASSION24.TEXT.RELATED_HOUR_06.BODY.P013,521,522,OUTER_DIVINE_CLOSE_WRAPPER_HIDE,OUTER_DIVINE_CROSS_RECORD
PASSION24.TEXT.RELATED_HOUR_06.BODY.P017,105,106,OUTER_DIVINE_CLOSE_WRAPPER_HIDE,OUTER_DIVINE_DIRECT_ATTRIBUTION
PASSION24.TEXT.RELATED_HOUR_06.BODY.P033,110,111,OUTER_DIVINE_CLOSE_WRAPPER_HIDE,OUTER_DIVINE_DIRECT_ATTRIBUTION
PASSION24.TEXT.RELATED_HOUR_06.BODY.P036,120,121,OUTER_DIVINE_CLOSE_WRAPPER_HIDE,OUTER_DIVINE_DIRECT_ATTRIBUTION
PASSION24.TEXT.RELATED_HOUR_06.BODY.P036,163,164,OUTER_DIVINE_OPEN_WRAPPER_HIDE,OUTER_DIVINE_DIRECT_ATTRIBUTION
PASSION24.TEXT.RELATED_HOUR_06.BODY.P071,183,184,OUTER_DIVINE_CLOSE_WRAPPER_HIDE,OUTER_DIVINE_DIRECT_ATTRIBUTION
PASSION24.TEXT.RELATED_HOUR_07.BODY.P036,42,43,OUTER_DIVINE_CLOSE_WRAPPER_HIDE,OUTER_DIVINE_DIRECT_ATTRIBUTION
PASSION24.TEXT.RELATED_HOUR_07.BODY.P047,297,298,OUTER_DIVINE_CLOSE_WRAPPER_HIDE,OUTER_DIVINE_DIRECT_ATTRIBUTION
PASSION24.TEXT.RELATED_HOUR_07.BODY.P065,162,163,OUTER_DIVINE_CLOSE_WRAPPER_HIDE,OUTER_DIVINE_CROSS_RECORD
PASSION24.TEXT.RELATED_HOUR_08.BODY.P021,122,123,OUTER_DIVINE_CLOSE_WRAPPER_HIDE,OUTER_DIVINE_DIRECT_ATTRIBUTION
PASSION24.TEXT.RELATED_HOUR_08.BODY.P042,83,84,OUTER_DIVINE_CLOSE_WRAPPER_HIDE,OUTER_DIVINE_DIRECT_ATTRIBUTION
PASSION24.TEXT.RELATED_HOUR_08.BODY.P051,76,77,OUTER_DIVINE_CLOSE_WRAPPER_HIDE,OUTER_DIVINE_DIRECT_ATTRIBUTION
PASSION24.TEXT.RELATED_HOUR_09.BODY.P006,12,13,OUTER_DIVINE_OPEN_WRAPPER_HIDE,OUTER_DIVINE_DIRECT_ATTRIBUTION
PASSION24.TEXT.RELATED_HOUR_09.BODY.P017,139,140,OUTER_DIVINE_CLOSE_WRAPPER_HIDE,OUTER_DIVINE_DIRECT_ATTRIBUTION
PASSION24.TEXT.RELATED_HOUR_09.BODY.P019,12,13,OUTER_DIVINE_OPEN_WRAPPER_HIDE,OUTER_DIVINE_DIRECT_ATTRIBUTION
PASSION24.TEXT.RELATED_HOUR_09.BODY.P021,147,148,OUTER_DIVINE_CLOSE_WRAPPER_HIDE,OUTER_DIVINE_DIRECT_ATTRIBUTION
PASSION24.TEXT.RELATED_HOUR_10.BODY.P006,282,283,OUTER_DIVINE_OPEN_WRAPPER_HIDE,OUTER_DIVINE_DIRECT_ATTRIBUTION
PASSION24.TEXT.RELATED_HOUR_10.BODY.P009,267,268,OUTER_DIVINE_CLOSE_WRAPPER_HIDE,OUTER_DIVINE_DIRECT_ATTRIBUTION
PASSION24.TEXT.RELATED_HOUR_10.BODY.P009,293,294,OUTER_DIVINE_OPEN_WRAPPER_HIDE,OUTER_DIVINE_DIRECT_ATTRIBUTION
PASSION24.TEXT.RELATED_HOUR_10.BODY.P009,566,567,OUTER_DIVINE_CLOSE_WRAPPER_HIDE,OUTER_DIVINE_DIRECT_ATTRIBUTION
PASSION24.TEXT.RELATED_HOUR_11.BODY.P015,199,200,OUTER_DIVINE_CLOSE_WRAPPER_HIDE,OUTER_DIVINE_CROSS_RECORD
PASSION24.TEXT.RELATED_HOUR_11.BODY.P024,223,224,OUTER_DIVINE_CLOSE_WRAPPER_HIDE,OUTER_DIVINE_CROSS_RECORD
PASSION24.TEXT.RELATED_HOUR_11.BODY.P026,28,29,OUTER_DIVINE_OPEN_WRAPPER_HIDE,OUTER_DIVINE_DIRECT_ATTRIBUTION
PASSION24.TEXT.RELATED_HOUR_11.BODY.P036,98,99,OUTER_DIVINE_CLOSE_WRAPPER_HIDE,OUTER_DIVINE_DIRECT_ATTRIBUTION
PASSION24.TEXT.RELATED_HOUR_11.BODY.P044,62,63,OUTER_DIVINE_CLOSE_WRAPPER_HIDE,OUTER_DIVINE_DIRECT_ATTRIBUTION
PASSION24.TEXT.RELATED_HOUR_11.BODY.P047,26,27,OUTER_DIVINE_OPEN_WRAPPER_HIDE,OUTER_DIVINE_DIRECT_ATTRIBUTION
PASSION24.TEXT.RELATED_HOUR_11.BODY.P047,215,216,OUTER_DIVINE_CLOSE_WRAPPER_HIDE,OUTER_DIVINE_DIRECT_ATTRIBUTION
PASSION24.TEXT.RELATED_HOUR_11.BODY.P049,60,61,OUTER_DIVINE_OPEN_WRAPPER_HIDE,OUTER_DIVINE_DIRECT_ATTRIBUTION
PASSION24.TEXT.RELATED_HOUR_11.BODY.P049,186,187,OUTER_DIVINE_CLOSE_WRAPPER_HIDE,OUTER_DIVINE_DIRECT_ATTRIBUTION
PASSION24.TEXT.RELATED_HOUR_11.BODY.P065,110,111,OUTER_DIVINE_CLOSE_WRAPPER_HIDE,OUTER_DIVINE_DIRECT_ATTRIBUTION
PASSION24.TEXT.RELATED_HOUR_11.BODY.P067,38,39,OUTER_DIVINE_OPEN_WRAPPER_HIDE,OUTER_DIVINE_DIRECT_ATTRIBUTION
PASSION24.TEXT.RELATED_HOUR_11.BODY.P069,277,278,OUTER_DIVINE_CLOSE_WRAPPER_HIDE,OUTER_DIVINE_DIRECT_ATTRIBUTION
PASSION24.TEXT.RELATED_HOUR_11.BODY.P074,88,89,OUTER_DIVINE_CLOSE_WRAPPER_HIDE,OUTER_DIVINE_DIRECT_ATTRIBUTION
PASSION24.TEXT.RELATED_HOUR_12.BODY.P006,162,163,OUTER_DIVINE_OPEN_WRAPPER_HIDE,OUTER_DIVINE_DIRECT_ATTRIBUTION
PASSION24.TEXT.RELATED_HOUR_12.BODY.P009,196,197,OUTER_DIVINE_CLOSE_WRAPPER_HIDE,OUTER_DIVINE_DIRECT_ATTRIBUTION
PASSION24.TEXT.RELATED_HOUR_12.BODY.P020,187,188,OUTER_DIVINE_CLOSE_WRAPPER_HIDE,OUTER_DIVINE_DIRECT_ATTRIBUTION
PASSION24.TEXT.RELATED_HOUR_13.BODY.P009,12,13,OUTER_DIVINE_OPEN_WRAPPER_HIDE,OUTER_DIVINE_DIRECT_ATTRIBUTION
PASSION24.TEXT.RELATED_HOUR_13.BODY.P013,162,163,OUTER_DIVINE_CLOSE_WRAPPER_HIDE,OUTER_DIVINE_DIRECT_ATTRIBUTION
PASSION24.TEXT.RELATED_HOUR_13.BODY.P039,421,422,OUTER_DIVINE_CLOSE_WRAPPER_HIDE,OUTER_DIVINE_DIRECT_ATTRIBUTION
PASSION24.TEXT.RELATED_HOUR_13.BODY.P043,385,386,OUTER_DIVINE_CLOSE_WRAPPER_HIDE,OUTER_DIVINE_DIRECT_ATTRIBUTION
PASSION24.TEXT.RELATED_HOUR_14.BODY.P019,65,66,OUTER_DIVINE_CLOSE_WRAPPER_HIDE,OUTER_DIVINE_DIRECT_ATTRIBUTION
PASSION24.TEXT.RELATED_HOUR_14.BODY.P031,134,135,OUTER_DIVINE_CLOSE_WRAPPER_HIDE,OUTER_DIVINE_DIRECT_ATTRIBUTION
PASSION24.TEXT.RELATED_HOUR_15.BODY.P023,118,119,OUTER_DIVINE_CLOSE_WRAPPER_HIDE,OUTER_DIVINE_DIRECT_ATTRIBUTION
PASSION24.TEXT.RELATED_HOUR_15.BODY.P036,259,260,OUTER_DIVINE_CLOSE_WRAPPER_HIDE,OUTER_DIVINE_DIRECT_ATTRIBUTION
PASSION24.TEXT.RELATED_HOUR_15.BODY.P052,619,620,OUTER_DIVINE_CLOSE_WRAPPER_HIDE,OUTER_DIVINE_DIRECT_ATTRIBUTION
PASSION24.TEXT.RELATED_HOUR_15.BODY.P072,278,279,OUTER_DIVINE_CLOSE_WRAPPER_HIDE,OUTER_DIVINE_DIRECT_ATTRIBUTION
PASSION24.TEXT.RELATED_HOUR_15.BODY.P100,73,75,OUTER_DIVINE_CLOSE_WRAPPER_HIDE,OUTER_DIVINE_DIRECT_ATTRIBUTION
PASSION24.TEXT.RELATED_HOUR_15.BODY.P109,425,426,OUTER_DIVINE_CLOSE_WRAPPER_HIDE,OUTER_DIVINE_DIRECT_ATTRIBUTION
PASSION24.TEXT.RELATED_HOUR_15.BODY.P109,543,544,OUTER_DIVINE_OPEN_WRAPPER_HIDE,OUTER_DIVINE_DIRECT_ATTRIBUTION
PASSION24.TEXT.RELATED_HOUR_15.BODY.P113,130,131,OUTER_DIVINE_CLOSE_WRAPPER_HIDE,OUTER_DIVINE_DIRECT_ATTRIBUTION
PASSION24.TEXT.RELATED_HOUR_15.BODY.P131,161,162,OUTER_DIVINE_CLOSE_WRAPPER_HIDE,OUTER_DIVINE_DIRECT_ATTRIBUTION
PASSION24.TEXT.RELATED_HOUR_15.BODY.P134,93,94,OUTER_DIVINE_CLOSE_WRAPPER_HIDE,OUTER_DIVINE_CROSS_RECORD
PASSION24.TEXT.RELATED_HOUR_16.BODY.P017,210,211,OUTER_DIVINE_CLOSE_WRAPPER_HIDE,OUTER_DIVINE_DIRECT_ATTRIBUTION
PASSION24.TEXT.RELATED_HOUR_16.BODY.P025,189,190,OUTER_DIVINE_CLOSE_WRAPPER_HIDE,OUTER_DIVINE_DIRECT_ATTRIBUTION
PASSION24.TEXT.RELATED_HOUR_16.BODY.P047,139,140,OUTER_DIVINE_CLOSE_WRAPPER_HIDE,OUTER_DIVINE_CROSS_RECORD
PASSION24.TEXT.RELATED_HOUR_16.BODY.P059,150,151,OUTER_DIVINE_CLOSE_WRAPPER_HIDE,OUTER_DIVINE_DIRECT_ATTRIBUTION
PASSION24.TEXT.RELATED_HOUR_16.BODY.P075,251,252,OUTER_DIVINE_CLOSE_WRAPPER_HIDE,OUTER_DIVINE_DIRECT_ATTRIBUTION
PASSION24.TEXT.RELATED_HOUR_16.BODY.P082,320,321,OUTER_DIVINE_CLOSE_WRAPPER_HIDE,OUTER_DIVINE_DIRECT_ATTRIBUTION
PASSION24.TEXT.RELATED_HOUR_16.BODY.P090,177,179,OUTER_DIVINE_CLOSE_WRAPPER_HIDE,OUTER_DIVINE_DIRECT_ATTRIBUTION
PASSION24.TEXT.RELATED_HOUR_16.BODY.P096,248,250,OUTER_DIVINE_CLOSE_WRAPPER_HIDE,OUTER_DIVINE_CROSS_RECORD
PASSION24.TEXT.RELATED_HOUR_16.BODY.P098,17,18,OUTER_DIVINE_OPEN_WRAPPER_HIDE,OUTER_DIVINE_DIRECT_ATTRIBUTION
PASSION24.TEXT.RELATED_HOUR_16.BODY.P098,423,425,OUTER_DIVINE_CLOSE_WRAPPER_HIDE,OUTER_DIVINE_DIRECT_ATTRIBUTION
PASSION24.TEXT.RELATED_HOUR_17.BODY.P026,115,116,OUTER_DIVINE_CLOSE_WRAPPER_HIDE,OUTER_DIVINE_DIRECT_ATTRIBUTION
PASSION24.TEXT.RELATED_HOUR_17.BODY.P031,148,149,OUTER_DIVINE_OPEN_WRAPPER_HIDE,OUTER_DIVINE_DIRECT_ATTRIBUTION
PASSION24.TEXT.RELATED_HOUR_17.BODY.P032,101,102,OUTER_DIVINE_CLOSE_WRAPPER_HIDE,OUTER_DIVINE_DIRECT_ATTRIBUTION
PASSION24.TEXT.RELATED_HOUR_17.BODY.P033,197,198,OUTER_DIVINE_OPEN_WRAPPER_HIDE,OUTER_DIVINE_DIRECT_ATTRIBUTION
PASSION24.TEXT.RELATED_HOUR_17.BODY.P034,315,316,OUTER_DIVINE_CLOSE_WRAPPER_HIDE,OUTER_DIVINE_DIRECT_ATTRIBUTION
PASSION24.TEXT.RELATED_HOUR_17.BODY.P037,12,13,OUTER_DIVINE_OPEN_WRAPPER_HIDE,OUTER_DIVINE_DIRECT_ATTRIBUTION
PASSION24.TEXT.RELATED_HOUR_17.BODY.P045,355,356,OUTER_DIVINE_CLOSE_WRAPPER_HIDE,OUTER_DIVINE_DIRECT_ATTRIBUTION
PASSION24.TEXT.RELATED_HOUR_17.BODY.P048,63,64,OUTER_DIVINE_CLOSE_WRAPPER_HIDE,OUTER_DIVINE_CROSS_RECORD
PASSION24.TEXT.RELATED_HOUR_17.BODY.P050,12,13,OUTER_DIVINE_OPEN_WRAPPER_HIDE,OUTER_DIVINE_DIRECT_ATTRIBUTION
PASSION24.TEXT.RELATED_HOUR_17.BODY.P050,50,51,OUTER_DIVINE_CLOSE_WRAPPER_HIDE,OUTER_DIVINE_DIRECT_ATTRIBUTION
PASSION24.TEXT.RELATED_HOUR_17.BODY.P056,56,57,OUTER_DIVINE_OPEN_WRAPPER_HIDE,OUTER_DIVINE_DIRECT_ATTRIBUTION
PASSION24.TEXT.RELATED_HOUR_17.BODY.P057,94,95,OUTER_DIVINE_CLOSE_WRAPPER_HIDE,OUTER_DIVINE_DIRECT_ATTRIBUTION
PASSION24.TEXT.RELATED_HOUR_17.BODY.P058,37,38,OUTER_DIVINE_OPEN_WRAPPER_HIDE,OUTER_DIVINE_DIRECT_ATTRIBUTION
PASSION24.TEXT.RELATED_HOUR_17.BODY.P058,49,50,OUTER_DIVINE_CLOSE_WRAPPER_HIDE,OUTER_DIVINE_DIRECT_ATTRIBUTION
PASSION24.TEXT.RELATED_HOUR_17.BODY.P059,191,192,OUTER_DIVINE_OPEN_WRAPPER_HIDE,OUTER_DIVINE_DIRECT_ATTRIBUTION
PASSION24.TEXT.RELATED_HOUR_17.BODY.P059,417,418,OUTER_DIVINE_CLOSE_WRAPPER_HIDE,OUTER_DIVINE_DIRECT_ATTRIBUTION
PASSION24.TEXT.RELATED_HOUR_18.BODY.P012,15,16,OUTER_DIVINE_OPEN_WRAPPER_HIDE,OUTER_DIVINE_DIRECT_ATTRIBUTION
PASSION24.TEXT.RELATED_HOUR_18.BODY.P019,88,89,OUTER_DIVINE_CLOSE_WRAPPER_HIDE,OUTER_DIVINE_DIRECT_ATTRIBUTION
PASSION24.TEXT.RELATED_HOUR_18.BODY.P035,104,105,OUTER_DIVINE_CLOSE_WRAPPER_HIDE,OUTER_DIVINE_DIRECT_ATTRIBUTION
PASSION24.TEXT.RELATED_HOUR_18.BODY.P037,241,242,OUTER_DIVINE_OPEN_WRAPPER_HIDE,OUTER_DIVINE_DIRECT_ATTRIBUTION
PASSION24.TEXT.RELATED_HOUR_18.BODY.P041,277,278,OUTER_DIVINE_CLOSE_WRAPPER_HIDE,OUTER_DIVINE_DIRECT_ATTRIBUTION
PASSION24.TEXT.RELATED_HOUR_18.BODY.P047,283,284,OUTER_DIVINE_CLOSE_WRAPPER_HIDE,OUTER_DIVINE_DIRECT_ATTRIBUTION
PASSION24.TEXT.RELATED_HOUR_18.BODY.P049,240,241,OUTER_DIVINE_CLOSE_WRAPPER_HIDE,OUTER_DIVINE_DIRECT_ATTRIBUTION
PASSION24.TEXT.RELATED_HOUR_18.BODY.P062,15,16,OUTER_DIVINE_OPEN_WRAPPER_HIDE,OUTER_DIVINE_DIRECT_ATTRIBUTION
PASSION24.TEXT.RELATED_HOUR_18.BODY.P062,158,159,OUTER_DIVINE_CLOSE_WRAPPER_HIDE,OUTER_DIVINE_DIRECT_ATTRIBUTION
PASSION24.TEXT.RELATED_HOUR_18.BODY.P069,39,40,OUTER_DIVINE_OPEN_WRAPPER_HIDE,OUTER_DIVINE_DIRECT_ATTRIBUTION
PASSION24.TEXT.RELATED_HOUR_18.BODY.P072,273,274,OUTER_DIVINE_CLOSE_WRAPPER_HIDE,OUTER_DIVINE_DIRECT_ATTRIBUTION
PASSION24.TEXT.RELATED_HOUR_18.BODY.P073,12,13,OUTER_DIVINE_OPEN_WRAPPER_HIDE,OUTER_DIVINE_DIRECT_ATTRIBUTION
PASSION24.TEXT.RELATED_HOUR_18.BODY.P075,65,66,OUTER_DIVINE_CLOSE_WRAPPER_HIDE,OUTER_DIVINE_DIRECT_ATTRIBUTION
PASSION24.TEXT.RELATED_HOUR_18.BODY.P080,15,16,OUTER_DIVINE_OPEN_WRAPPER_HIDE,OUTER_DIVINE_DIRECT_ATTRIBUTION
PASSION24.TEXT.RELATED_HOUR_18.BODY.P081,112,113,OUTER_DIVINE_CLOSE_WRAPPER_HIDE,OUTER_DIVINE_DIRECT_ATTRIBUTION
PASSION24.TEXT.RELATED_HOUR_18.BODY.P086,150,151,OUTER_DIVINE_CLOSE_WRAPPER_HIDE,OUTER_DIVINE_CROSS_RECORD
PASSION24.TEXT.RELATED_HOUR_18.BODY.P094,47,48,OUTER_DIVINE_CLOSE_WRAPPER_HIDE,OUTER_DIVINE_DIRECT_ATTRIBUTION
PASSION24.TEXT.RELATED_HOUR_19.BODY.P017,175,176,OUTER_DIVINE_CLOSE_WRAPPER_HIDE,OUTER_DIVINE_CROSS_RECORD
PASSION24.TEXT.RELATED_HOUR_19.BODY.P033,103,104,OUTER_DIVINE_CLOSE_WRAPPER_HIDE,OUTER_DIVINE_DIRECT_ATTRIBUTION
PASSION24.TEXT.RELATED_HOUR_19.BODY.P056,50,51,OUTER_DIVINE_CLOSE_WRAPPER_HIDE,OUTER_DIVINE_DIRECT_ATTRIBUTION
PASSION24.TEXT.RELATED_HOUR_19.BODY.P060,201,202,OUTER_DIVINE_CLOSE_WRAPPER_HIDE,OUTER_DIVINE_DIRECT_ATTRIBUTION
PASSION24.TEXT.RELATED_HOUR_19.BODY.P067,150,151,OUTER_DIVINE_CLOSE_WRAPPER_HIDE,OUTER_DIVINE_DIRECT_ATTRIBUTION
PASSION24.TEXT.RELATED_HOUR_19.BODY.P074,316,317,OUTER_DIVINE_CLOSE_WRAPPER_HIDE,OUTER_DIVINE_DIRECT_ATTRIBUTION
PASSION24.TEXT.RELATED_HOUR_19.BODY.P080,337,338,OUTER_DIVINE_CLOSE_WRAPPER_HIDE,OUTER_DIVINE_CROSS_RECORD
PASSION24.TEXT.RELATED_HOUR_20.BODY.P015,104,105,OUTER_DIVINE_CLOSE_WRAPPER_HIDE,OUTER_DIVINE_DIRECT_ATTRIBUTION
PASSION24.TEXT.RELATED_HOUR_20.BODY.P018,131,132,OUTER_DIVINE_CLOSE_WRAPPER_HIDE,OUTER_DIVINE_DIRECT_ATTRIBUTION
PASSION24.TEXT.RELATED_HOUR_20.BODY.P021,49,50,OUTER_DIVINE_CLOSE_WRAPPER_HIDE,OUTER_DIVINE_DIRECT_ATTRIBUTION
PASSION24.TEXT.RELATED_HOUR_20.BODY.P023,107,108,OUTER_DIVINE_CLOSE_WRAPPER_HIDE,OUTER_DIVINE_DIRECT_ATTRIBUTION
PASSION24.TEXT.RELATED_HOUR_20.BODY.P023,177,178,OUTER_DIVINE_OPEN_WRAPPER_HIDE,OUTER_DIVINE_DIRECT_ATTRIBUTION
PASSION24.TEXT.RELATED_HOUR_20.BODY.P024,312,313,OUTER_DIVINE_CLOSE_WRAPPER_HIDE,OUTER_DIVINE_DIRECT_ATTRIBUTION
PASSION24.TEXT.RELATED_HOUR_20.BODY.P024,607,608,OUTER_DIVINE_OPEN_WRAPPER_HIDE,OUTER_DIVINE_DIRECT_ATTRIBUTION
PASSION24.TEXT.RELATED_HOUR_20.BODY.P028,412,413,OUTER_DIVINE_CLOSE_WRAPPER_HIDE,OUTER_DIVINE_DIRECT_ATTRIBUTION
PASSION24.TEXT.RELATED_HOUR_20.BODY.P032,396,397,OUTER_DIVINE_CLOSE_WRAPPER_HIDE,OUTER_DIVINE_DIRECT_ATTRIBUTION
PASSION24.TEXT.RELATED_HOUR_21.BODY.P049,12,13,OUTER_DIVINE_OPEN_WRAPPER_HIDE,OUTER_DIVINE_DIRECT_ATTRIBUTION
PASSION24.TEXT.RELATED_HOUR_21.BODY.P050,221,222,OUTER_DIVINE_CLOSE_WRAPPER_HIDE,OUTER_DIVINE_DIRECT_ATTRIBUTION
PASSION24.TEXT.RELATED_HOUR_21.BODY.P056,12,13,OUTER_DIVINE_OPEN_WRAPPER_HIDE,OUTER_DIVINE_DIRECT_ATTRIBUTION
PASSION24.TEXT.RELATED_HOUR_21.BODY.P056,97,98,OUTER_DIVINE_CLOSE_WRAPPER_HIDE,OUTER_DIVINE_DIRECT_ATTRIBUTION
PASSION24.TEXT.RELATED_HOUR_21.BODY.P057,12,13,OUTER_DIVINE_OPEN_WRAPPER_HIDE,OUTER_DIVINE_DIRECT_ATTRIBUTION
PASSION24.TEXT.RELATED_HOUR_21.BODY.P057,259,260,OUTER_DIVINE_CLOSE_WRAPPER_HIDE,OUTER_DIVINE_DIRECT_ATTRIBUTION
PASSION24.TEXT.RELATED_HOUR_21.BODY.P059,25,26,OUTER_DIVINE_OPEN_WRAPPER_HIDE,OUTER_DIVINE_DIRECT_ATTRIBUTION
PASSION24.TEXT.RELATED_HOUR_21.BODY.P059,93,94,OUTER_DIVINE_CLOSE_WRAPPER_HIDE,OUTER_DIVINE_DIRECT_ATTRIBUTION
PASSION24.TEXT.RELATED_HOUR_21.BODY.P085,53,54,OUTER_DIVINE_CLOSE_WRAPPER_HIDE,OUTER_DIVINE_DIRECT_ATTRIBUTION
PASSION24.TEXT.RELATED_HOUR_21.BODY.P090,281,282,OUTER_DIVINE_CLOSE_WRAPPER_HIDE,OUTER_DIVINE_CROSS_RECORD
PASSION24.TEXT.RELATED_HOUR_21.BODY.P093,53,54,OUTER_DIVINE_OPEN_WRAPPER_HIDE,OUTER_DIVINE_DIRECT_ATTRIBUTION
PASSION24.TEXT.RELATED_HOUR_21.BODY.P096,74,75,OUTER_DIVINE_CLOSE_WRAPPER_HIDE,OUTER_DIVINE_DIRECT_ATTRIBUTION
PASSION24.TEXT.RELATED_HOUR_21.BODY.P108,1130,1131,OUTER_DIVINE_CLOSE_WRAPPER_HIDE,OUTER_DIVINE_DIRECT_ATTRIBUTION
PASSION24.TEXT.RELATED_HOUR_21.BODY.P123,224,225,OUTER_DIVINE_CLOSE_WRAPPER_HIDE,OUTER_DIVINE_DIRECT_ATTRIBUTION
PASSION24.TEXT.RELATED_HOUR_22.BODY.P009,135,136,OUTER_DIVINE_OPEN_WRAPPER_HIDE,OUTER_DIVINE_DIRECT_ATTRIBUTION
PASSION24.TEXT.RELATED_HOUR_22.BODY.P013,197,198,OUTER_DIVINE_CLOSE_WRAPPER_HIDE,OUTER_DIVINE_DIRECT_ATTRIBUTION
PASSION24.TEXT.RELATED_HOUR_22.BODY.P022,193,194,OUTER_DIVINE_CLOSE_WRAPPER_HIDE,OUTER_DIVINE_DIRECT_ATTRIBUTION
PASSION24.TEXT.RELATED_HOUR_22.BODY.P034,77,78,OUTER_DIVINE_CLOSE_WRAPPER_HIDE,OUTER_DIVINE_CROSS_RECORD
PASSION24.TEXT.RELATED_HOUR_22.BODY.P036,49,50,OUTER_DIVINE_OPEN_WRAPPER_HIDE,OUTER_DIVINE_DIRECT_ATTRIBUTION
PASSION24.TEXT.RELATED_HOUR_22.BODY.P037,75,76,OUTER_DIVINE_CLOSE_WRAPPER_HIDE,OUTER_DIVINE_DIRECT_ATTRIBUTION
PASSION24.TEXT.RELATED_HOUR_22.BODY.P050,181,182,OUTER_DIVINE_CLOSE_WRAPPER_HIDE,OUTER_DIVINE_DIRECT_ATTRIBUTION
PASSION24.TEXT.RELATED_HOUR_22.BODY.P054,12,13,OUTER_DIVINE_OPEN_WRAPPER_HIDE,OUTER_DIVINE_DIRECT_ATTRIBUTION
PASSION24.TEXT.RELATED_HOUR_22.BODY.P057,106,107,OUTER_DIVINE_CLOSE_WRAPPER_HIDE,OUTER_DIVINE_DIRECT_ATTRIBUTION
PASSION24.TEXT.RELATED_HOUR_22.BODY.P066,68,69,OUTER_DIVINE_OPEN_WRAPPER_HIDE,OUTER_DIVINE_CROSS_RECORD
PASSION24.TEXT.RELATED_HOUR_22.BODY.P067,65,67,OUTER_DIVINE_CLOSE_WRAPPER_HIDE,OUTER_DIVINE_CROSS_RECORD
PASSION24.TEXT.RELATED_HOUR_22.BODY.P076,154,155,OUTER_DIVINE_OPEN_WRAPPER_HIDE,OUTER_DIVINE_CROSS_RECORD
PASSION24.TEXT.RELATED_HOUR_22.BODY.P077,25,27,OUTER_DIVINE_CLOSE_WRAPPER_HIDE,OUTER_DIVINE_CROSS_RECORD
PASSION24.TEXT.RELATED_HOUR_23.BODY.P030,133,134,OUTER_DIVINE_CLOSE_WRAPPER_HIDE,OUTER_DIVINE_DIRECT_ATTRIBUTION
PASSION24.TEXT.RELATED_HOUR_23.BODY.P044,208,209,OUTER_DIVINE_CLOSE_WRAPPER_HIDE,OUTER_DIVINE_DIRECT_ATTRIBUTION
PASSION24.TEXT.RELATED_HOUR_24.BODY.P008,40,41,OUTER_DIVINE_OPEN_WRAPPER_HIDE,OUTER_DIVINE_DIRECT_ATTRIBUTION
PASSION24.TEXT.RELATED_HOUR_24.BODY.P008,118,119,OUTER_DIVINE_CLOSE_WRAPPER_HIDE,OUTER_DIVINE_DIRECT_ATTRIBUTION
PASSION24.TEXT.RELATED_HOUR_24.BODY.P010,12,13,OUTER_DIVINE_OPEN_WRAPPER_HIDE,OUTER_DIVINE_DIRECT_ATTRIBUTION
PASSION24.TEXT.RELATED_HOUR_24.BODY.P010,368,369,OUTER_DIVINE_CLOSE_WRAPPER_HIDE,OUTER_DIVINE_DIRECT_ATTRIBUTION
PASSION24.TEXT.RELATED_HOUR_24.BODY.P011,12,13,OUTER_DIVINE_OPEN_WRAPPER_HIDE,OUTER_DIVINE_DIRECT_ATTRIBUTION
PASSION24.TEXT.RELATED_HOUR_24.BODY.P017,216,217,OUTER_DIVINE_CLOSE_WRAPPER_HIDE,OUTER_DIVINE_DIRECT_ATTRIBUTION
PASSION24.TEXT.RELATED_HOUR_24.BODY.P021,150,151,OUTER_DIVINE_CLOSE_WRAPPER_HIDE,OUTER_DIVINE_DIRECT_ATTRIBUTION
PASSION24.TEXT.RELATED_HOUR_24.BODY.P054,94,95,OUTER_DIVINE_CLOSE_WRAPPER_HIDE,OUTER_DIVINE_CROSS_RECORD
PASSION24.TEXT.RELATED_HOUR_24.BODY.P089,57,58,OUTER_DIVINE_CLOSE_WRAPPER_HIDE,OUTER_DIVINE_DIRECT_ATTRIBUTION
PASSION24.TEXT.SHARED_T09_1910_07_04_AGONY_CROSS_LAST_BREATH.BODY.P003,12,13,OUTER_DIVINE_OPEN_WRAPPER_HIDE,OUTER_DIVINE_DIRECT_ATTRIBUTION
PASSION24.TEXT.SHARED_T09_1910_07_04_AGONY_CROSS_LAST_BREATH.BODY.P019,467,468,OUTER_DIVINE_CLOSE_WRAPPER_HIDE,OUTER_DIVINE_DIRECT_ATTRIBUTION
