report,claim,status,evidence
reports/chromium_interaction_topology_results.json,status=PASS,PASS,scenario_count=20; failures=0
reports/extended_interaction_results.json,status=PASS,PASS,scenario_count=13; failures=0
reports/phaseE_functional_results.json,status=PASS,PASS,scenario_count=7; failures=0
reports/no_regression_fix_ledger.csv,all items PASS,PASS,items=4
reports/protected_data_diff_report.csv,all protected declarations unchanged,PASS,declarations=8
reports/root_deploy_consistency_report.md,root runtime parity PASS,PASS,index=62e232cfbc6b154305d0cb2987daf6f4d71aea05b5eb40af3d273a7c7ab31f9f app=62e232cfbc6b154305d0cb2987daf6f4d71aea05b5eb40af3d273a7c7ab31f9f
reports/stale_reference_scan.txt,active stale failures=0,PASS,hits=346 active=0
syntax,inline JS + service worker syntax PASS,PASS,js_rc=0 sw_rc=0
audit/independent_four_pass_audit.md,four-pass status=PASS,PASS,checks=25; failures=0
