kind,target_id,offset,next_id,source
local,PASSION24.HOUR.01.P008,87,,presentation_projection
local,PASSION24.HOUR.01.P008,111,,presentation_projection
local,PASSION24.HOUR.01.P014,94,,presentation_projection
local,PASSION24.HOUR.01.P014,120,,presentation_projection
local,PASSION24.HOUR.02.P012,264,,presentation_projection
local,PASSION24.HOUR.02.P014,204,,presentation_projection
local,PASSION24.HOUR.02.P015,15,,presentation_projection
local,PASSION24.HOUR.02.P015,148,,presentation_projection
local,PASSION24.HOUR.04.P034,114,,presentation_projection
local,PASSION24.HOUR.04.P062,21,,presentation_projection
local,PASSION24.HOUR.04.P065,94,,presentation_projection
local,PASSION24.HOUR.05.P009,60,,presentation_projection
local,PASSION24.HOUR.05.P028,484,,presentation_projection
local,PASSION24.HOUR.05.REF.P005,143,,presentation_projection
local,PASSION24.HOUR.06.P012,107,,presentation_projection
local,PASSION24.HOUR.07.P007,166,,presentation_projection
local,PASSION24.HOUR.07.P015,148,,presentation_projection
local,PASSION24.HOUR.07.P030,23,,presentation_projection
local,PASSION24.HOUR.07.P117,229,,presentation_projection
local,PASSION24.HOUR.07.P125,129,,presentation_projection
local,PASSION24.HOUR.08.P007,75,,presentation_projection
local,PASSION24.HOUR.08.P007,112,,presentation_projection
local,PASSION24.HOUR.08.P008,43,,presentation_projection
local,PASSION24.HOUR.08.P009,14,,presentation_projection
local,PASSION24.HOUR.08.P009,43,,presentation_projection
local,PASSION24.HOUR.08.P009,112,,presentation_projection
local,PASSION24.HOUR.08.P009,141,,presentation_projection
local,PASSION24.HOUR.08.P010,22,,presentation_projection
local,PASSION24.HOUR.08.P010,50,,presentation_projection
local,PASSION24.HOUR.08.P012,298,,presentation_projection
local,PASSION24.HOUR.08.P014,22,,presentation_projection
local,PASSION24.HOUR.08.P014,35,,presentation_projection
local,PASSION24.HOUR.08.P015,38,,presentation_projection
local,PASSION24.HOUR.08.P015,51,,presentation_projection
local,PASSION24.HOUR.09.P006,39,,presentation_projection
local,PASSION24.HOUR.09.P010,148,,presentation_projection
local,PASSION24.HOUR.10.P002,141,,presentation_projection
local,PASSION24.HOUR.10.P002,207,,presentation_projection
local,PASSION24.HOUR.11.P006,196,,presentation_projection
local,PASSION24.HOUR.11.P010,142,,presentation_projection
local,PASSION24.HOUR.11.P021,252,,presentation_projection
local,PASSION24.HOUR.11.P030,126,,presentation_projection
local,PASSION24.HOUR.13.P005,18,,presentation_projection
local,PASSION24.HOUR.13.P005,148,,presentation_projection
local,PASSION24.HOUR.14.P004,95,,presentation_projection
local,PASSION24.HOUR.15.P005,163,,presentation_projection
local,PASSION24.HOUR.15.P006,19,,presentation_projection
local,PASSION24.HOUR.16.P015,104,,presentation_projection
local,PASSION24.HOUR.16.P028,77,,presentation_projection
local,PASSION24.HOUR.16.P045,194,,presentation_projection
local,PASSION24.HOUR.17.P014,48,,presentation_projection
local,PASSION24.HOUR.17.P024,183,,presentation_projection
local,PASSION24.HOUR.17.P027,155,,presentation_projection
local,PASSION24.HOUR.17.P044,294,,presentation_projection
local,PASSION24.HOUR.17.P048,116,,presentation_projection
local,PASSION24.HOUR.17.P058,65,,presentation_projection
local,PASSION24.HOUR.17.P059,99,,presentation_projection
local,PASSION24.HOUR.18.P002,52,,presentation_projection
local,PASSION24.HOUR.18.P002,62,,presentation_projection
local,PASSION24.HOUR.18.P002,101,,presentation_projection
local,PASSION24.HOUR.18.P003,88,,presentation_projection
local,PASSION24.HOUR.18.P028,119,,presentation_projection
local,PASSION24.HOUR.18.P031,157,,presentation_projection
local,PASSION24.HOUR.18.P111,189,,presentation_projection
local,PASSION24.HOUR.18.P113,149,,presentation_projection
local,PASSION24.HOUR.19.P018,96,,presentation_projection
local,PASSION24.HOUR.19.P097,564,,presentation_projection
local,PASSION24.HOUR.19.P121,360,,presentation_projection
local,PASSION24.HOUR.19.P126,146,,presentation_projection
local,PASSION24.HOUR.19.P137,120,,presentation_projection
local,PASSION24.HOUR.19.P165,151,,presentation_projection
local,PASSION24.HOUR.19.P166,37,,presentation_projection
local,PASSION24.HOUR.20.P001,23,,presentation_projection
local,PASSION24.HOUR.20.P010,64,,presentation_projection
local,PASSION24.HOUR.20.P016,110,,presentation_projection
local,PASSION24.HOUR.21.P001,20,,presentation_projection
local,PASSION24.HOUR.21.P020,44,,presentation_projection
local,PASSION24.HOUR.21.P020,70,,presentation_projection
local,PASSION24.HOUR.21.P020,84,,presentation_projection
local,PASSION24.HOUR.21.P023,20,,presentation_projection
local,PASSION24.HOUR.21.P023,138,,presentation_projection
local,PASSION24.HOUR.21.P025,93,,presentation_projection
local,PASSION24.HOUR.21.P025,119,,presentation_projection
local,PASSION24.HOUR.21.P025,140,,presentation_projection
local,PASSION24.HOUR.21.P027,217,,presentation_projection
local,PASSION24.HOUR.21.P058,21,,presentation_projection
local,PASSION24.HOUR.21.P059,287,,presentation_projection
local,PASSION24.HOUR.21.P068,87,,presentation_projection
local,PASSION24.HOUR.21.REF.P009,56,,presentation_projection
local,PASSION24.HOUR.22.P001,21,,presentation_projection
local,PASSION24.HOUR.22.P006,147,,presentation_projection
local,PASSION24.HOUR.22.P006,161,,presentation_projection
local,PASSION24.HOUR.22.P017,19,,presentation_projection
local,PASSION24.HOUR.22.P022,24,,presentation_projection
local,PASSION24.HOUR.22.P024,20,,presentation_projection
local,PASSION24.HOUR.22.P028,98,,presentation_projection
local,PASSION24.HOUR.22.P029,89,,presentation_projection
local,PASSION24.HOUR.22.P030,69,,presentation_projection
local,PASSION24.HOUR.22.P031,145,,presentation_projection
local,PASSION24.HOUR.22.REF.P001,216,,presentation_projection
local,PASSION24.HOUR.22.REF.P001,238,,presentation_projection
local,PASSION24.HOUR.23.P011,14,,presentation_projection
local,PASSION24.HOUR.24.DESOL.P014,120,,presentation_projection
local,PASSION24.HOUR.24.DESOL.P027,80,,presentation_projection
local,PASSION24.HOUR.24.DESOL.P037,63,,presentation_projection
local,PASSION24.HOUR.24.DESOL.P068,26,,presentation_projection
local,PASSION24.SECTION.BENEFITS.P004,98,,presentation_projection
local,PASSION24.SECTION.BENEFITS.P017,84,,presentation_projection
local,PASSION24.SECTION.BENEFITS.P021,12,,presentation_projection
local,PASSION24.SECTION.BENEFITS.P037,13,,presentation_projection
local,PASSION24.SECTION.BENEFITS.P055,231,,presentation_projection
local,PASSION24.SECTION.BENEFITS.P057,36,,presentation_projection
local,PASSION24.SECTION.BENEFITS.P095,65,,presentation_projection
local,PASSION24.SECTION.BENEFITS.P102,196,,presentation_projection
local,PASSION24.SECTION.BENEFITS.P102,209,,presentation_projection
local,PASSION24.SECTION.BENEFITS.P106,41,,presentation_projection
local,PASSION24.SECTION.BENEFITS.P108,13,,presentation_projection
local,PASSION24.SECTION.BENEFITS.P110,13,,presentation_projection
local,PASSION24.SECTION.BENEFITS.P116,218,,presentation_projection
local,PASSION24.SECTION.BENEFITS.P122,60,,presentation_projection
local,PASSION24.SECTION.BENEFITS.P122,79,,presentation_projection
local,PASSION24.SECTION.BENEFITS.P136,158,,presentation_projection
local,PASSION24.SECTION.BENEFITS.P149,141,,presentation_projection
local,PASSION24.SECTION.BENEFITS.P153,64,,presentation_projection
local,PASSION24.SECTION.BENEFITS.P169,13,,presentation_projection
local,PASSION24.SECTION.BENEFITS.P175,108,,presentation_projection
local,PASSION24.TEXT.PART_III_DIVINE_PASSION.BODY.P046,13,,presentation_projection
local,PASSION24.TEXT.PART_III_DIVINE_PASSION.BODY.P079,25,,presentation_projection
local,PASSION24.TEXT.PART_III_DIVINE_PASSION.BODY.P091,34,,presentation_projection
local,PASSION24.TEXT.PART_III_DIVINE_PASSION.BODY.P115,65,,presentation_projection
local,PASSION24.TEXT.PART_III_DIVINE_PASSION.BODY.P131,13,,presentation_projection
local,PASSION24.TEXT.PART_III_MARY_SORROWS.BODY.P057,78,,presentation_projection
local,PASSION24.TEXT.PART_III_MARY_SORROWS.BODY.P083,45,,presentation_projection
local,PASSION24.TEXT.PART_III_MARY_SORROWS.BODY.P100,40,,presentation_projection
local,PASSION24.TEXT.PROMISES_BENEFITS.BODY.P004,98,,presentation_projection
local,PASSION24.TEXT.PROMISES_BENEFITS.BODY.P015,84,,presentation_projection
local,PASSION24.TEXT.PROMISES_BENEFITS.BODY.P019,12,,presentation_projection
local,PASSION24.TEXT.PROMISES_BENEFITS.BODY.P035,13,,presentation_projection
local,PASSION24.TEXT.PROMISES_BENEFITS.BODY.P053,231,,presentation_projection
local,PASSION24.TEXT.PROMISES_BENEFITS.BODY.P055,36,,presentation_projection
local,PASSION24.TEXT.PROMISES_BENEFITS.BODY.P091,65,,presentation_projection
local,PASSION24.TEXT.PROMISES_BENEFITS.BODY.P097,196,,presentation_projection
local,PASSION24.TEXT.PROMISES_BENEFITS.BODY.P097,209,,presentation_projection
local,PASSION24.TEXT.PROMISES_BENEFITS.BODY.P101,41,,presentation_projection
local,PASSION24.TEXT.PROMISES_BENEFITS.BODY.P103,13,,presentation_projection
local,PASSION24.TEXT.PROMISES_BENEFITS.BODY.P105,13,,presentation_projection
local,PASSION24.TEXT.PROMISES_BENEFITS.BODY.P111,218,,presentation_projection
local,PASSION24.TEXT.PROMISES_BENEFITS.BODY.P117,60,,presentation_projection
local,PASSION24.TEXT.PROMISES_BENEFITS.BODY.P117,79,,presentation_projection
local,PASSION24.TEXT.PROMISES_BENEFITS.BODY.P131,158,,presentation_projection
local,PASSION24.TEXT.PROMISES_BENEFITS.BODY.P144,141,,presentation_projection
local,PASSION24.TEXT.PROMISES_BENEFITS.BODY.P148,64,,presentation_projection
local,PASSION24.TEXT.PROMISES_BENEFITS.BODY.P164,13,,presentation_projection
local,PASSION24.TEXT.PROMISES_BENEFITS.BODY.P170,108,,presentation_projection
local,PASSION24.TEXT.RELATED_HOUR_01.BODY.P014,17,,presentation_projection
local,PASSION24.TEXT.RELATED_HOUR_01.BODY.P021,13,,presentation_projection
local,PASSION24.TEXT.RELATED_HOUR_02.BODY.P011,264,,presentation_projection
local,PASSION24.TEXT.RELATED_HOUR_04.BODY.P056,18,,presentation_projection
local,PASSION24.TEXT.RELATED_HOUR_04.BODY.P146,13,,presentation_projection
local,PASSION24.TEXT.RELATED_HOUR_06.BODY.P033,112,,presentation_projection
local,PASSION24.TEXT.RELATED_HOUR_06.BODY.P036,122,,presentation_projection
local,PASSION24.TEXT.RELATED_HOUR_07.BODY.P036,44,,presentation_projection
local,PASSION24.TEXT.RELATED_HOUR_09.BODY.P006,13,,presentation_projection
local,PASSION24.TEXT.RELATED_HOUR_09.BODY.P019,13,,presentation_projection
local,PASSION24.TEXT.RELATED_HOUR_10.BODY.P006,283,,presentation_projection
local,PASSION24.TEXT.RELATED_HOUR_10.BODY.P009,269,,presentation_projection
local,PASSION24.TEXT.RELATED_HOUR_10.BODY.P009,294,,presentation_projection
local,PASSION24.TEXT.RELATED_HOUR_11.BODY.P026,29,,presentation_projection
local,PASSION24.TEXT.RELATED_HOUR_11.BODY.P047,27,,presentation_projection
local,PASSION24.TEXT.RELATED_HOUR_11.BODY.P049,61,,presentation_projection
local,PASSION24.TEXT.RELATED_HOUR_11.BODY.P067,39,,presentation_projection
local,PASSION24.TEXT.RELATED_HOUR_12.BODY.P006,163,,presentation_projection
local,PASSION24.TEXT.RELATED_HOUR_13.BODY.P009,13,,presentation_projection
local,PASSION24.TEXT.RELATED_HOUR_13.BODY.P039,423,,presentation_projection
local,PASSION24.TEXT.RELATED_HOUR_13.BODY.P053,35,,presentation_projection
local,PASSION24.TEXT.RELATED_HOUR_13.BODY.P056,129,,presentation_projection
local,PASSION24.TEXT.RELATED_HOUR_13.BODY.P056,132,,presentation_projection
local,PASSION24.TEXT.RELATED_HOUR_13.BODY.P120,111,,presentation_projection
local,PASSION24.TEXT.RELATED_HOUR_13.BODY.P138,38,,presentation_projection
local,PASSION24.TEXT.RELATED_HOUR_13.BODY.P138,63,,presentation_projection
local,PASSION24.TEXT.RELATED_HOUR_13.BODY.P162,26,,presentation_projection
local,PASSION24.TEXT.RELATED_HOUR_14.BODY.P019,67,,presentation_projection
local,PASSION24.TEXT.RELATED_HOUR_15.BODY.P109,427,,presentation_projection
local,PASSION24.TEXT.RELATED_HOUR_15.BODY.P180,12,,presentation_projection
local,PASSION24.TEXT.RELATED_HOUR_16.BODY.P047,141,,presentation_projection
local,PASSION24.TEXT.RELATED_HOUR_16.BODY.P096,251,,presentation_projection
local,PASSION24.TEXT.RELATED_HOUR_16.BODY.P098,18,,presentation_projection
local,PASSION24.TEXT.RELATED_HOUR_17.BODY.P031,149,,presentation_projection
local,PASSION24.TEXT.RELATED_HOUR_17.BODY.P032,103,,presentation_projection
local,PASSION24.TEXT.RELATED_HOUR_17.BODY.P033,198,,presentation_projection
local,PASSION24.TEXT.RELATED_HOUR_17.BODY.P037,13,,presentation_projection
local,PASSION24.TEXT.RELATED_HOUR_17.BODY.P050,13,,presentation_projection
local,PASSION24.TEXT.RELATED_HOUR_17.BODY.P050,52,,presentation_projection
local,PASSION24.TEXT.RELATED_HOUR_17.BODY.P051,78,,presentation_projection
local,PASSION24.TEXT.RELATED_HOUR_17.BODY.P051,92,,presentation_projection
local,PASSION24.TEXT.RELATED_HOUR_17.BODY.P054,191,,presentation_projection
local,PASSION24.TEXT.RELATED_HOUR_17.BODY.P054,204,,presentation_projection
local,PASSION24.TEXT.RELATED_HOUR_17.BODY.P056,57,,presentation_projection
local,PASSION24.TEXT.RELATED_HOUR_17.BODY.P057,96,,presentation_projection
local,PASSION24.TEXT.RELATED_HOUR_17.BODY.P058,38,,presentation_projection
local,PASSION24.TEXT.RELATED_HOUR_17.BODY.P058,51,,presentation_projection
local,PASSION24.TEXT.RELATED_HOUR_17.BODY.P059,192,,presentation_projection
local,PASSION24.TEXT.RELATED_HOUR_18.BODY.P012,16,,presentation_projection
local,PASSION24.TEXT.RELATED_HOUR_18.BODY.P037,242,,presentation_projection
local,PASSION24.TEXT.RELATED_HOUR_18.BODY.P062,16,,presentation_projection
local,PASSION24.TEXT.RELATED_HOUR_18.BODY.P069,40,,presentation_projection
local,PASSION24.TEXT.RELATED_HOUR_18.BODY.P072,275,,presentation_projection
local,PASSION24.TEXT.RELATED_HOUR_18.BODY.P073,13,,presentation_projection
local,PASSION24.TEXT.RELATED_HOUR_18.BODY.P080,16,,presentation_projection
local,PASSION24.TEXT.RELATED_HOUR_19.BODY.P067,152,,presentation_projection
local,PASSION24.TEXT.RELATED_HOUR_19.BODY.P074,318,,presentation_projection
local,PASSION24.TEXT.RELATED_HOUR_20.BODY.P015,106,,presentation_projection
local,PASSION24.TEXT.RELATED_HOUR_20.BODY.P023,109,,presentation_projection
local,PASSION24.TEXT.RELATED_HOUR_20.BODY.P024,314,,presentation_projection
local,PASSION24.TEXT.RELATED_HOUR_20.BODY.P028,414,,presentation_projection
local,PASSION24.TEXT.RELATED_HOUR_21.BODY.P013,27,,presentation_projection
local,PASSION24.TEXT.RELATED_HOUR_21.BODY.P049,13,,presentation_projection
local,PASSION24.TEXT.RELATED_HOUR_21.BODY.P056,13,,presentation_projection
local,PASSION24.TEXT.RELATED_HOUR_21.BODY.P057,13,,presentation_projection
local,PASSION24.TEXT.RELATED_HOUR_21.BODY.P059,26,,presentation_projection
local,PASSION24.TEXT.RELATED_HOUR_21.BODY.P059,95,,presentation_projection
local,PASSION24.TEXT.RELATED_HOUR_21.BODY.P090,283,,presentation_projection
local,PASSION24.TEXT.RELATED_HOUR_21.BODY.P093,54,,presentation_projection
local,PASSION24.TEXT.RELATED_HOUR_21.BODY.P147,167,,presentation_projection
local,PASSION24.TEXT.RELATED_HOUR_21.BODY.P169,17,,presentation_projection
local,PASSION24.TEXT.RELATED_HOUR_21.BODY.P169,173,,presentation_projection
local,PASSION24.TEXT.RELATED_HOUR_22.BODY.P009,136,,presentation_projection
local,PASSION24.TEXT.RELATED_HOUR_22.BODY.P036,50,,presentation_projection
local,PASSION24.TEXT.RELATED_HOUR_22.BODY.P054,13,,presentation_projection
local,PASSION24.TEXT.RELATED_HOUR_22.BODY.P088,32,,presentation_projection
local,PASSION24.TEXT.RELATED_HOUR_22.BODY.P090,217,,presentation_projection
local,PASSION24.TEXT.RELATED_HOUR_22.BODY.P094,114,,presentation_projection
local,PASSION24.TEXT.RELATED_HOUR_22.BODY.P095,65,,presentation_projection
local,PASSION24.TEXT.RELATED_HOUR_22.BODY.P095,134,,presentation_projection
local,PASSION24.TEXT.RELATED_HOUR_22.BODY.P096,97,,presentation_projection
local,PASSION24.TEXT.RELATED_HOUR_24.BODY.P008,41,,presentation_projection
local,PASSION24.TEXT.RELATED_HOUR_24.BODY.P010,13,,presentation_projection
local,PASSION24.TEXT.RELATED_HOUR_24.BODY.P010,370,,presentation_projection
local,PASSION24.TEXT.RELATED_HOUR_24.BODY.P011,13,,presentation_projection
local,PASSION24.TEXT.RELATED_HOUR_24.BODY.P017,218,,presentation_projection
local,PASSION24.TEXT.RELATED_HOUR_24.BODY.P022,201,,presentation_projection
local,PASSION24.TEXT.RELATED_HOUR_24.BODY.P022,220,,presentation_projection
local,PASSION24.TEXT.SHARED_T09_1910_07_04_AGONY_CROSS_LAST_BREATH.BODY.P003,13,,presentation_projection
cross_record,PASSION24.TEXT.PROMISES_BENEFITS.BODY.P085,,PASSION24.TEXT.PROMISES_BENEFITS.BODY.P086,presentation_projection
cross_record,PASSION24.TEXT.PROMISES_BENEFITS.BODY.P103,,PASSION24.TEXT.PROMISES_BENEFITS.BODY.P104,presentation_projection
cross_record,PASSION24.TEXT.PROMISES_BENEFITS.BODY.P138,,PASSION24.TEXT.PROMISES_BENEFITS.BODY.P139,presentation_projection
cross_record,PASSION24.TEXT.PROMISES_BENEFITS.BODY.P157,,PASSION24.TEXT.PROMISES_BENEFITS.BODY.P158,presentation_projection
